participant,scene,folder,link,window_samples_n,gc_excluded_n,gc_excluded_pct,invalid_excluded_n,invalid_excluded_pct,retained_n,retained_pct
P1,supermarket,P01/supermarket,EyeTracking→PC,28433,1381,4.857032,1,0.003517,27051,95.139451
P1,supermarket,P01/supermarket,MoCap→PC,27001,1316,4.873894,0,0.000000,25685,95.126106
P1,supermarket,P01/supermarket,MoCap→VR,26990,0,0.000000,0,0.000000,26990,100.000000
P1,supermarket,P01/supermarket,PC<->VR 状态同步,15666,0,0.000000,0,0.000000,15666,100.000000
P1,street,P01/street,EyeTracking→PC,28766,1394,4.845999,0,0.000000,27372,95.154001
P1,street,P01/street,MoCap→PC,26994,1311,4.856635,0,0.000000,25683,95.143365
P1,street,P01/street,MoCap→VR,26985,0,0.000000,0,0.000000,26985,100.000000
P1,street,P01/street,PC<->VR 状态同步,17200,0,0.000000,0,0.000000,17200,100.000000
P2,supermarket,P02/supermarket,EyeTracking→PC,28745,1009,3.510176,0,0.000000,27736,96.489824
P2,supermarket,P02/supermarket,MoCap→PC,26997,952,3.526318,0,0.000000,26045,96.473682
P2,supermarket,P02/supermarket,MoCap→VR,26994,0,0.000000,0,0.000000,26994,100.000000
P2,supermarket,P02/supermarket,PC<->VR 状态同步,17189,0,0.000000,0,0.000000,17189,100.000000
P2,street,P02/street,EyeTracking→PC,28416,1186,4.173705,3,0.010557,27227,95.815738
P2,street,P02/street,MoCap→PC,27000,1129,4.181481,0,0.000000,25871,95.818519
P2,street,P02/street,MoCap→VR,26994,0,0.000000,0,0.000000,26994,100.000000
P2,street,P02/street,PC<->VR 状态同步,17259,0,0.000000,0,0.000000,17259,100.000000
P3,supermarket,P03/supermarket,EyeTracking→PC,28564,1100,3.851001,0,0.000000,27464,96.148999
P3,supermarket,P03/supermarket,MoCap→PC,27001,1037,3.840598,0,0.000000,25964,96.159402
P3,supermarket,P03/supermarket,MoCap→VR,26988,0,0.000000,0,0.000000,26988,100.000000
P3,supermarket,P03/supermarket,PC<->VR 状态同步,17158,0,0.000000,0,0.000000,17158,100.000000
P3,street,P03/street,EyeTracking→PC,28732,915,3.184603,0,0.000000,27817,96.815397
P3,street,P03/street,MoCap→PC,27000,858,3.177778,0,0.000000,26142,96.822222
P3,street,P03/street,MoCap→VR,26990,0,0.000000,0,0.000000,26990,100.000000
P3,street,P03/street,PC<->VR 状态同步,17111,0,0.000000,0,0.000000,17111,100.000000
P4,supermarket,P04/supermarket,EyeTracking→PC,28471,1250,4.390432,1,0.003512,27220,95.606055
P4,supermarket,P04/supermarket,MoCap→PC,26993,1189,4.404846,0,0.000000,25804,95.595154
P4,supermarket,P04/supermarket,MoCap→VR,26991,0,0.000000,0,0.000000,26991,100.000000
P4,supermarket,P04/supermarket,PC<->VR 状态同步,16034,0,0.000000,0,0.000000,16034,100.000000
P4,street,P04/street,EyeTracking→PC,28933,794,2.744271,0,0.000000,28139,97.255729
P4,street,P04/street,MoCap→PC,27000,744,2.755556,0,0.000000,26256,97.244444
P4,street,P04/street,MoCap→VR,26992,0,0.000000,0,0.000000,26992,100.000000
P4,street,P04/street,PC<->VR 状态同步,16707,0,0.000000,0,0.000000,16707,100.000000
P5,supermarket,P05/supermarket,EyeTracking→PC,28375,1333,4.697797,0,0.000000,27042,95.302203
P5,supermarket,P05/supermarket,MoCap→PC,27000,1278,4.733333,0,0.000000,25722,95.266667
P5,supermarket,P05/supermarket,MoCap→VR,26990,0,0.000000,0,0.000000,26990,100.000000
P5,supermarket,P05/supermarket,PC<->VR 状态同步,15948,0,0.000000,0,0.000000,15948,100.000000
P5,street,P05/street,EyeTracking→PC,28778,1110,3.857113,0,0.000000,27668,96.142887
P5,street,P05/street,MoCap→PC,26996,1036,3.837606,0,0.000000,25960,96.162394
P5,street,P05/street,MoCap→VR,26987,0,0.000000,0,0.000000,26987,100.000000
P5,street,P05/street,PC<->VR 状态同步,16758,0,0.000000,0,0.000000,16758,100.000000
P6,supermarket,P06/supermarket,EyeTracking→PC,28782,663,2.303523,0,0.000000,28119,97.696477
P6,supermarket,P06/supermarket,MoCap→PC,26999,624,2.311197,0,0.000000,26375,97.688803
P6,supermarket,P06/supermarket,MoCap→VR,26986,0,0.000000,0,0.000000,26986,100.000000
P6,supermarket,P06/supermarket,PC<->VR 状态同步,16159,0,0.000000,0,0.000000,16159,100.000000
P6,street,P06/street,EyeTracking→PC,28338,761,2.685440,0,0.000000,27577,97.314560
P6,street,P06/street,MoCap→PC,27000,732,2.711111,0,0.000000,26268,97.288889
P6,street,P06/street,MoCap→VR,26990,0,0.000000,0,0.000000,26990,100.000000
P6,street,P06/street,PC<->VR 状态同步,16307,0,0.000000,0,0.000000,16307,100.000000
P7,supermarket,P07/supermarket,EyeTracking→PC,28471,619,2.174142,0,0.000000,27852,97.825858
P7,supermarket,P07/supermarket,MoCap→PC,26855,590,2.196984,0,0.000000,26265,97.803016
P7,supermarket,P07/supermarket,MoCap→VR,26846,0,0.000000,0,0.000000,26846,100.000000
P7,supermarket,P07/supermarket,PC<->VR 状态同步,15288,0,0.000000,0,0.000000,15288,100.000000
P7,street,P07/street,EyeTracking→PC,28874,576,1.994874,0,0.000000,28298,98.005126
P7,street,P07/street,MoCap→PC,27001,543,2.011037,0,0.000000,26458,97.988963
P7,street,P07/street,MoCap→VR,26993,0,0.000000,0,0.000000,26993,100.000000
P7,street,P07/street,PC<->VR 状态同步,16607,0,0.000000,0,0.000000,16607,100.000000
P8,supermarket,P08/supermarket,EyeTracking→PC,28394,872,3.071071,0,0.000000,27522,96.928929
P8,supermarket,P08/supermarket,MoCap→PC,26756,825,3.083421,0,0.000000,25931,96.916579
P8,supermarket,P08/supermarket,MoCap→VR,26745,0,0.000000,0,0.000000,26745,100.000000
P8,supermarket,P08/supermarket,PC<->VR 状态同步,16882,0,0.000000,0,0.000000,16882,100.000000
P8,street,P08/street,EyeTracking→PC,28853,1014,3.514366,1,0.003466,27838,96.482168
P8,street,P08/street,MoCap→PC,26951,952,3.532336,0,0.000000,25999,96.467664
P8,street,P08/street,MoCap→VR,26940,0,0.000000,0,0.000000,26940,100.000000
P8,street,P08/street,PC<->VR 状态同步,16805,0,0.000000,0,0.000000,16805,100.000000
P9,supermarket,P09/supermarket,EyeTracking→PC,28454,489,1.718563,1,0.003514,27964,98.277922
P9,supermarket,P09/supermarket,MoCap→PC,26594,455,1.710912,0,0.000000,26139,98.289088
P9,supermarket,P09/supermarket,MoCap→VR,26585,0,0.000000,0,0.000000,26585,100.000000
P9,supermarket,P09/supermarket,PC<->VR 状态同步,15719,0,0.000000,0,0.000000,15719,100.000000
P9,street,P09/street,EyeTracking→PC,28853,540,1.871556,0,0.000000,28313,98.128444
P9,street,P09/street,MoCap→PC,26683,501,1.877600,0,0.000000,26182,98.122400
P9,street,P09/street,MoCap→VR,26672,0,0.000000,0,0.000000,26672,100.000000
P9,street,P09/street,PC<->VR 状态同步,16570,0,0.000000,0,0.000000,16570,100.000000
P10,supermarket,P10/supermarket,EyeTracking→PC,28473,450,1.580445,0,0.000000,28023,98.419555
P10,supermarket,P10/supermarket,MoCap→PC,26474,411,1.552467,0,0.000000,26063,98.447533
P10,supermarket,P10/supermarket,MoCap→VR,26460,0,0.000000,0,0.000000,26460,100.000000
P10,supermarket,P10/supermarket,PC<->VR 状态同步,16302,0,0.000000,0,0.000000,16302,100.000000
P10,street,P10/street,EyeTracking→PC,28865,404,1.399619,0,0.000000,28461,98.600381
P10,street,P10/street,MoCap→PC,26431,372,1.407438,0,0.000000,26059,98.592562
P10,street,P10/street,MoCap→VR,26424,0,0.000000,0,0.000000,26424,100.000000
P10,street,P10/street,PC<->VR 状态同步,17285,0,0.000000,0,0.000000,17285,100.000000
