participant,scene,source,event_id,elapsed_s,nearest_heuristic_delta_ms
P1,supermarket,cross_link_heuristic,1,4.0060000000,0.0000000000
P1,supermarket,cross_link_heuristic,2,13.8005000000,0.0000000000
P1,supermarket,cross_link_heuristic,3,24.1695000000,0.0000000000
P1,supermarket,cross_link_heuristic,4,34.8229990000,0.0000000000
P1,supermarket,cross_link_heuristic,5,45.4687500000,0.0000000000
P1,supermarket,cross_link_heuristic,6,56.0389990000,0.0000000000
P1,supermarket,cross_link_heuristic,7,66.4860000000,0.0000000000
P1,supermarket,cross_link_heuristic,8,77.0234990000,0.0000000000
P1,supermarket,cross_link_heuristic,9,87.4295000000,0.0000000000
P1,supermarket,cross_link_heuristic,10,97.9000000000,0.0000000000
P1,supermarket,cross_link_heuristic,11,108.3805000000,0.0000000000
P1,supermarket,cross_link_heuristic,12,118.7394990000,0.0000000000
P1,supermarket,cross_link_heuristic,13,129.2399990000,0.0000000000
P1,supermarket,cross_link_heuristic,14,139.6200000000,0.0000000000
P1,supermarket,cross_link_heuristic,15,150.1279990000,0.0000000000
P1,supermarket,cross_link_heuristic,16,160.7109990000,0.0000000000
P1,supermarket,cross_link_heuristic,17,171.0175000000,0.0000000000
P1,supermarket,cross_link_heuristic,18,181.3815000000,0.0000000000
P1,supermarket,cross_link_heuristic,19,191.7834990000,0.0000000000
P1,supermarket,cross_link_heuristic,20,202.2669990000,0.0000000000
P1,supermarket,cross_link_heuristic,21,212.7864990000,0.0000000000
P1,supermarket,cross_link_heuristic,22,223.2685000000,0.0000000000
P1,supermarket,cross_link_heuristic,23,233.7000000000,0.0000000000
P1,supermarket,cross_link_heuristic,24,244.1759990000,0.0000000000
P1,supermarket,cross_link_heuristic,25,254.6794990000,0.0000000000
P1,supermarket,cross_link_heuristic,26,265.1199990000,0.0000000000
P1,supermarket,cross_link_heuristic,27,275.5800000000,0.0000000000
P1,supermarket,cross_link_heuristic,28,286.0970000000,0.0000000000
P1,supermarket,cross_link_heuristic,29,296.5300000000,0.0000000000
P1,street,cross_link_heuristic,1,2.9360000000,0.0000000000
P1,street,cross_link_heuristic,2,12.7940000000,0.0000000000
P1,street,cross_link_heuristic,3,23.5754990000,0.0000000000
P1,street,cross_link_heuristic,4,34.1029990000,0.0000000000
P1,street,cross_link_heuristic,5,44.4864990000,0.0000000000
P1,street,cross_link_heuristic,6,54.9479990000,0.0000000000
P1,street,cross_link_heuristic,7,65.4450000000,0.0000000000
P1,street,cross_link_heuristic,8,76.0279990000,0.0000000000
P1,street,cross_link_heuristic,9,86.4104990000,0.0000000000
P1,street,cross_link_heuristic,10,96.7389990000,0.0000000000
P1,street,cross_link_heuristic,11,106.9389990000,0.0000000000
P1,street,cross_link_heuristic,12,117.1140000000,0.0000000000
P1,street,cross_link_heuristic,13,127.4184990000,0.0000000000
P1,street,cross_link_heuristic,14,137.9725000000,0.0000000000
P1,street,cross_link_heuristic,15,148.6909990000,0.0000000000
P1,street,cross_link_heuristic,16,159.3784990000,0.0000000000
P1,street,cross_link_heuristic,17,170.0325000000,0.0000000000
P1,street,cross_link_heuristic,18,180.8509990000,0.0000000000
P1,street,cross_link_heuristic,19,191.5255000000,0.0000000000
P1,street,cross_link_heuristic,20,202.2069990000,0.0000000000
P1,street,cross_link_heuristic,21,212.7170000000,0.0000000000
P1,street,cross_link_heuristic,22,223.3159990000,0.0000000000
P1,street,cross_link_heuristic,23,233.8845000000,0.0000000000
P1,street,cross_link_heuristic,24,244.5460000000,0.0000000000
P1,street,cross_link_heuristic,25,255.1114990000,0.0000000000
P1,street,cross_link_heuristic,26,265.6234990000,0.0000000000
P1,street,cross_link_heuristic,27,275.8420000000,0.0000000000
P1,street,cross_link_heuristic,28,286.3380000000,0.0000000000
P1,street,cross_link_heuristic,29,297.2839990000,0.0000000000
P2,supermarket,cross_link_heuristic,1,4.6185000000,0.0000000000
P2,supermarket,cross_link_heuristic,2,18.4204990000,0.0000000000
P2,supermarket,cross_link_heuristic,3,31.8385000000,0.0000000000
P2,supermarket,cross_link_heuristic,4,45.9000000000,0.0000000000
P2,supermarket,cross_link_heuristic,5,59.9600000000,0.0000000000
P2,supermarket,cross_link_heuristic,6,73.9729990000,0.0000000000
P2,supermarket,cross_link_heuristic,7,87.9529990000,0.0000000000
P2,supermarket,cross_link_heuristic,8,101.8724990000,0.0000000000
P2,supermarket,cross_link_heuristic,9,115.9179990000,0.0000000000
P2,supermarket,cross_link_heuristic,10,129.9240000000,0.0000000000
P2,supermarket,cross_link_heuristic,11,144.6070000000,0.0000000000
P2,supermarket,cross_link_heuristic,12,159.4185000000,0.0000000000
P2,supermarket,cross_link_heuristic,13,173.9110000000,0.0000000000
P2,supermarket,cross_link_heuristic,14,187.7164990000,0.0000000000
P2,supermarket,cross_link_heuristic,15,201.8420000000,0.0000000000
P2,supermarket,cross_link_heuristic,16,216.1585000000,0.0000000000
P2,supermarket,cross_link_heuristic,17,230.4374990000,0.0000000000
P2,supermarket,cross_link_heuristic,18,244.8489990000,0.0000000000
P2,supermarket,cross_link_heuristic,19,259.0729990000,0.0000000000
P2,supermarket,cross_link_heuristic,20,273.2009990000,0.0000000000
P2,supermarket,cross_link_heuristic,21,287.4804990000,0.0000000000
P2,street,cross_link_heuristic,1,10.3244990000,0.0000000000
P2,street,cross_link_heuristic,2,22.1825000000,0.0000000000
P2,street,cross_link_heuristic,3,34.0430000000,0.0000000000
P2,street,cross_link_heuristic,4,45.9889990000,0.0000000000
P2,street,cross_link_heuristic,5,57.7844990000,0.0000000000
P2,street,cross_link_heuristic,6,69.6204990000,0.0000000000
P2,street,cross_link_heuristic,7,81.5785000000,0.0000000000
P2,street,cross_link_heuristic,8,93.4440000000,0.0000000000
P2,street,cross_link_heuristic,9,105.1995000000,0.0000000000
P2,street,cross_link_heuristic,10,116.9515000000,0.0000000000
P2,street,cross_link_heuristic,11,128.7899990000,0.0000000000
P2,street,cross_link_heuristic,12,140.6475000000,0.0000000000
P2,street,cross_link_heuristic,13,152.4720000000,0.0000000000
P2,street,cross_link_heuristic,14,164.2520000000,0.0000000000
P2,street,cross_link_heuristic,15,176.0489990000,0.0000000000
P2,street,cross_link_heuristic,16,187.8840000000,0.0000000000
P2,street,cross_link_heuristic,17,199.7225000000,0.0000000000
P2,street,cross_link_heuristic,18,211.5449990000,0.0000000000
P2,street,cross_link_heuristic,19,223.3635000000,0.0000000000
P2,street,cross_link_heuristic,20,235.1600000000,0.0000000000
P2,street,cross_link_heuristic,21,247.0240000000,0.0000000000
P2,street,cross_link_heuristic,22,258.8915000000,0.0000000000
P2,street,cross_link_heuristic,23,270.7324990000,0.0000000000
P2,street,cross_link_heuristic,24,282.5715000000,0.0000000000
P2,street,cross_link_heuristic,25,294.4409990000,0.0000000000
P3,supermarket,cross_link_heuristic,1,5.9514990000,0.0000000000
P3,supermarket,cross_link_heuristic,2,20.5029990000,0.0000000000
P3,supermarket,cross_link_heuristic,3,33.7119990000,0.0000000000
P3,supermarket,cross_link_heuristic,4,46.8975000000,0.0000000000
P3,supermarket,cross_link_heuristic,5,60.3330000000,0.0000000000
P3,supermarket,cross_link_heuristic,6,73.5895000000,0.0000000000
P3,supermarket,cross_link_heuristic,7,86.8500000000,0.0000000000
P3,supermarket,cross_link_heuristic,8,100.1405000000,0.0000000000
P3,supermarket,cross_link_heuristic,9,113.3984990000,0.0000000000
P3,supermarket,cross_link_heuristic,10,126.9304990000,0.0000000000
P3,supermarket,cross_link_heuristic,11,140.4645000000,0.0000000000
P3,supermarket,cross_link_heuristic,12,153.7000000000,0.0000000000
P3,supermarket,cross_link_heuristic,13,166.8789990000,0.0000000000
P3,supermarket,cross_link_heuristic,14,180.0744990000,0.0000000000
P3,supermarket,cross_link_heuristic,15,193.3605000000,0.0000000000
P3,supermarket,cross_link_heuristic,16,206.7119990000,0.0000000000
P3,supermarket,cross_link_heuristic,17,220.0624990000,0.0000000000
P3,supermarket,cross_link_heuristic,18,233.6085000000,0.0000000000
P3,supermarket,cross_link_heuristic,19,246.7925000000,0.0000000000
P3,supermarket,cross_link_heuristic,20,259.9789990000,0.0000000000
P3,supermarket,cross_link_heuristic,21,273.2754990000,0.0000000000
P3,supermarket,cross_link_heuristic,22,286.4304990000,0.0000000000
P3,supermarket,cross_link_heuristic,23,299.6629990000,0.0000000000
P3,street,direct_log,1,14.2580000000,5.4990000000
P3,street,direct_log,2,29.5550000000,5.9990000000
P3,street,direct_log,3,44.8360000000,6.0000000000
P3,street,direct_log,4,60.0220000000,8.0000000000
P3,street,direct_log,5,75.2860000000,8.4990000000
P3,street,direct_log,6,90.7130000000,7.0000000000
P3,street,direct_log,7,106.1680000000,6.0000000000
P3,street,direct_log,8,121.5320000000,1.0000000000
P3,street,direct_log,9,136.8670000000,5.0000000000
P3,street,direct_log,10,152.2220000000,7.0000000000
P3,street,direct_log,11,167.4920000000,5.0000000000
P3,street,direct_log,12,182.7980000000,9.4990000000
P3,street,direct_log,13,198.1150000000,10.4990000000
P3,street,direct_log,14,213.5910000000,4.5000000000
P3,street,direct_log,15,229.1870000000,9.9990000000
P3,street,direct_log,16,244.6890000000,5.5000000000
P3,street,direct_log,17,260.2370000000,4.4990000000
P3,street,direct_log,18,275.7120000000,5.0000000000
P3,street,direct_log,19,291.2020000000,4.0000000000
P4,supermarket,direct_log,1,7.8140000000,5.0000000000
P4,supermarket,direct_log,2,19.7170000000,7.5000000000
P4,supermarket,direct_log,3,31.7680000000,11.5000000000
P4,supermarket,direct_log,4,43.5140000000,7.4990000000
P4,supermarket,direct_log,5,55.3760000000,9.4990000000
P4,supermarket,direct_log,6,66.9190000000,7.4990000000
P4,supermarket,direct_log,7,78.4700000000,10.0000000000
P4,supermarket,direct_log,8,90.0850000000,7.0000000000
P4,supermarket,direct_log,9,101.7370000000,8.0000000000
P4,supermarket,direct_log,10,113.2280000000,5.4990000000
P4,supermarket,direct_log,11,124.9010000000,11.5000000000
P4,supermarket,direct_log,12,136.5430000000,11.0000000000
P4,supermarket,direct_log,13,148.2450000000,8.5000000000
P4,supermarket,direct_log,14,159.7440000000,1.5000000000
P4,supermarket,direct_log,15,171.3760000000,8.4990000000
P4,supermarket,direct_log,16,183.0550000000,7.9990000000
P4,supermarket,direct_log,17,194.7990000000,7.0000000000
P4,supermarket,direct_log,18,206.4140000000,5.5000000000
P4,supermarket,direct_log,19,218.1940000000,8.5000000000
P4,supermarket,direct_log,20,229.8760000000,8.0000000000
P4,supermarket,direct_log,21,241.5630000000,13.5000000000
P4,supermarket,direct_log,22,253.2130000000,1.4990000000
P4,supermarket,direct_log,23,264.8610000000,9.0000000000
P4,supermarket,direct_log,24,276.5040000000,6.5000000000
P4,supermarket,direct_log,25,288.2860000000,9.5000000000
P4,street,direct_log,1,14.1950000000,5.0000000000
P4,street,direct_log,2,33.5630000000,11.5000000000
P4,street,direct_log,3,53.0840000000,3.4990000000
P4,street,direct_log,4,72.6200000000,8.0000000000
P4,street,direct_log,5,92.3210000000,12.4990000000
P4,street,direct_log,6,112.0170000000,6.5000000000
P4,street,direct_log,7,131.4950000000,8.0000000000
P4,street,direct_log,8,151.4420000000,9.4990000000
P4,street,direct_log,9,171.1460000000,8.0000000000
P4,street,direct_log,10,190.7670000000,11.5000000000
P4,street,direct_log,11,210.7610000000,11.4990000000
P4,street,direct_log,12,230.9440000000,158.0000000000
P4,street,direct_log,13,251.3880000000,8.5000000000
P4,street,direct_log,14,270.9100000000,0.4990000000
P4,street,direct_log,15,290.5680000000,6.0000000000
P5,supermarket,direct_log,1,0.2900000000,21.5000000000
P5,supermarket,direct_log,2,12.8920000000,7.0000000000
P5,supermarket,direct_log,3,24.1400000000,7.5000000000
P5,supermarket,direct_log,4,35.4750000000,6.5000000000
P5,supermarket,direct_log,5,46.8860000000,0.0010000000
P5,supermarket,direct_log,6,58.2500000000,0.0010000000
P5,supermarket,direct_log,7,69.5760000000,12.5000000000
P5,supermarket,direct_log,8,80.9560000000,6.4990000000
P5,supermarket,direct_log,9,92.4050000000,8.0000000000
P5,supermarket,direct_log,10,103.8350000000,8.4990000000
P5,supermarket,direct_log,11,115.1710000000,11.5000000000
P5,supermarket,direct_log,12,126.6020000000,7.2490000000
P5,supermarket,direct_log,13,137.9810000000,3.9990000000
P5,supermarket,direct_log,14,149.3160000000,8.0000000000
P5,supermarket,direct_log,15,160.6890000000,6.9990000000
P5,supermarket,direct_log,16,172.0950000000,8.0000000000
P5,supermarket,direct_log,17,183.4550000000,11.0000000000
P5,supermarket,direct_log,18,194.8620000000,11.4990000000
P5,supermarket,direct_log,19,206.2210000000,7.4990000000
P5,supermarket,direct_log,20,217.5830000000,9.4990000000
P5,supermarket,direct_log,21,228.9630000000,7.0000000000
P5,supermarket,direct_log,22,240.3170000000,1.5000000000
P5,supermarket,direct_log,23,251.7580000000,9.5000000000
P5,supermarket,direct_log,24,263.1520000000,11.0000000000
P5,supermarket,direct_log,25,274.4740000000,11.0000000000
P5,supermarket,direct_log,26,285.8000000000,8.0000000000
P5,supermarket,direct_log,27,297.2030000000,0.0000000000
P5,street,direct_log,1,3.9530000000,4.5000000000
P5,street,direct_log,2,17.7660000000,6.0000000000
P5,street,direct_log,3,31.8750000000,5.4990000000
P5,street,direct_log,4,44.9910000000,4.9990000000
P5,street,direct_log,5,58.1890000000,5.5000000000
P5,street,direct_log,6,71.2880000000,4.5000000000
P5,street,direct_log,7,84.5090000000,5.5000000000
P5,street,direct_log,8,97.3340000000,3.9990000000
P5,street,direct_log,9,110.1160000000,5.4990000000
P5,street,direct_log,10,122.8630000000,4.9990000000
P5,street,direct_log,11,135.5190000000,4.0000000000
P5,street,direct_log,12,148.5890000000,5.5000000000
P5,street,direct_log,13,161.6210000000,3.4990000000
P5,street,direct_log,14,174.6440000000,3.5000000000
P5,street,direct_log,15,187.6290000000,5.0000000000
P5,street,direct_log,16,200.5490000000,4.0000000000
P5,street,direct_log,17,213.1810000000,7.9990000000
P5,street,direct_log,18,226.1430000000,0.4990000000
P5,street,direct_log,19,239.1480000000,3.5000000000
P5,street,direct_log,20,252.1850000000,3.9990000000
P5,street,direct_log,21,265.1830000000,6.0000000000
P5,street,direct_log,22,278.2360000000,6.4990000000
P5,street,direct_log,23,291.2290000000,9.0000000000
P6,supermarket,direct_log,1,13.0380000000,6.4990000000
P6,supermarket,direct_log,2,36.4300000000,9.5000000000
P6,supermarket,direct_log,3,59.7650000000,10.4990000000
P6,supermarket,direct_log,4,83.3340000000,6.9990000000
P6,supermarket,direct_log,5,106.9100000000,6.4990000000
P6,supermarket,direct_log,6,130.4220000000,6.4990000000
P6,supermarket,direct_log,7,154.0290000000,11.0000000000
P6,supermarket,direct_log,8,177.6850000000,6.9990000000
P6,supermarket,direct_log,9,201.2340000000,6.0000000000
P6,supermarket,direct_log,10,224.8570000000,6.4990000000
P6,supermarket,direct_log,11,248.8430000000,4.4990000000
P6,supermarket,direct_log,12,272.6340000000,6.9990000000
P6,supermarket,direct_log,13,296.7180000000,0.0010000000
P6,street,direct_log,1,13.0760000000,7.9990000000
P6,street,direct_log,2,32.3600000000,10.0000000000
P6,street,direct_log,3,51.4320000000,10.0000000000
P6,street,direct_log,4,70.7760000000,8.4990000000
P6,street,direct_log,5,90.0720000000,8.4990000000
P6,street,direct_log,6,109.1640000000,6.0000000000
P6,street,direct_log,7,128.3820000000,8.0000000000
P6,street,direct_log,8,147.5810000000,10.5000000000
P6,street,direct_log,9,166.7290000000,0.0000000000
P6,street,direct_log,10,185.8750000000,7.4990000000
P6,street,direct_log,11,205.0970000000,8.9990000000
P6,street,direct_log,12,224.2400000000,9.0000000000
P6,street,direct_log,13,243.3550000000,6.4990000000
P6,street,direct_log,14,262.4320000000,9.5000000000
P6,street,direct_log,15,281.4300000000,9.4990000000
P7,supermarket,direct_log,1,12.6440000000,12.0000000000
P7,supermarket,direct_log,2,37.8250000000,8.0000000000
P7,supermarket,direct_log,3,62.9700000000,7.9990000000
P7,supermarket,direct_log,4,88.1410000000,13.4990000000
P7,supermarket,direct_log,5,113.3580000000,9.0000000000
P7,supermarket,direct_log,6,139.3030000000,12.9990000000
P7,supermarket,direct_log,7,164.4430000000,14.0000000000
P7,supermarket,direct_log,8,189.3950000000,7.0000000000
P7,supermarket,direct_log,9,214.5130000000,8.5000000000
P7,supermarket,direct_log,10,239.4890000000,9.4990000000
P7,supermarket,direct_log,11,264.5220000000,14.9990000000
P7,supermarket,direct_log,12,289.5610000000,9.4990000000
P7,street,direct_log,1,18.4700000000,5.5000000000
P7,street,direct_log,2,44.6320000000,8.5000000000
P7,street,direct_log,3,71.0990000000,7.0000000000
P7,street,direct_log,4,97.4860000000,7.9990000000
P7,street,direct_log,5,124.1160000000,12.0000000000
P7,street,direct_log,6,150.4800000000,7.5000000000
P7,street,direct_log,7,176.3530000000,6.9990000000
P7,street,direct_log,8,202.5740000000,7.0000000000
P7,street,direct_log,9,228.4700000000,7.0000000000
P7,street,direct_log,10,253.6670000000,1.9990000000
P7,street,direct_log,11,278.8220000000,7.9990000000
P8,supermarket,direct_log,1,13.5290000000,6.0000000000
P8,supermarket,direct_log,2,29.4700000000,6.5000000000
P8,supermarket,direct_log,3,45.4430000000,6.5000000000
P8,supermarket,direct_log,4,61.4090000000,7.4990000000
P8,supermarket,direct_log,5,77.4350000000,7.5000000000
P8,supermarket,direct_log,6,93.3950000000,7.0000000000
P8,supermarket,direct_log,7,109.6510000000,7.5000000000
P8,supermarket,direct_log,8,126.0720000000,2.4990000000
P8,supermarket,direct_log,9,142.0440000000,9.0000000000
P8,supermarket,direct_log,10,157.9050000000,6.4990000000
P8,supermarket,direct_log,11,173.8110000000,7.0000000000
P8,supermarket,direct_log,12,189.8490000000,6.0000000000
P8,supermarket,direct_log,13,205.7410000000,8.5000000000
P8,supermarket,direct_log,14,221.9030000000,7.0000000000
P8,supermarket,direct_log,15,237.8710000000,6.5000000000
P8,supermarket,direct_log,16,253.7000000000,5.4990000000
P8,supermarket,direct_log,17,269.5000000000,6.9990000000
P8,supermarket,direct_log,18,285.2190000000,6.5000000000
P8,street,direct_log,1,10.4820000000,4.0000000000
P8,street,direct_log,2,24.8030000000,5.0000000000
P8,street,direct_log,3,38.9490000000,7.0000000000
P8,street,direct_log,4,53.4190000000,3.9990000000
P8,street,direct_log,5,67.8600000000,6.0000000000
P8,street,direct_log,6,81.8660000000,4.5000000000
P8,street,direct_log,7,95.8340000000,5.0000000000
P8,street,direct_log,8,109.8390000000,7.9990000000
P8,street,direct_log,9,123.8530000000,6.5000000000
P8,street,direct_log,10,137.8960000000,3.0000000000
P8,street,direct_log,11,152.0480000000,5.0000000000
P8,street,direct_log,12,166.0190000000,5.5000000000
P8,street,direct_log,13,180.0780000000,5.9990000000
P8,street,direct_log,14,194.0940000000,8.0000000000
P8,street,direct_log,15,208.0610000000,6.5000000000
P8,street,direct_log,16,222.0820000000,4.5000000000
P8,street,direct_log,17,236.0940000000,5.0000000000
P8,street,direct_log,18,250.0680000000,7.9990000000
P8,street,direct_log,19,264.1280000000,8.4990000000
P8,street,direct_log,20,278.2210000000,6.5000000000
P8,street,direct_log,21,292.3460000000,5.0000000000
P9,supermarket,direct_log,1,15.0390000000,9.4990000000
P9,supermarket,direct_log,2,43.9960000000,7.4990000000
P9,supermarket,direct_log,3,72.8650000000,4.9990000000
P9,supermarket,direct_log,4,101.9260000000,7.0000000000
P9,supermarket,direct_log,5,130.4650000000,0.5010000000
P9,supermarket,direct_log,6,159.1360000000,6.9990000000
P9,supermarket,direct_log,7,187.8840000000,7.4990000000
P9,supermarket,direct_log,8,216.5270000000,8.0000000000
P9,supermarket,direct_log,9,245.0930000000,7.0000000000
P9,supermarket,direct_log,10,273.8610000000,8.4990000000
P9,street,direct_log,1,13.1610000000,8.0000000000
P9,street,direct_log,2,41.9990000000,5.5000000000
P9,street,direct_log,3,70.0620000000,13.0000000000
P9,street,direct_log,4,98.4390000000,6.4990000000
P9,street,direct_log,5,126.3830000000,7.4990000000
P9,street,direct_log,6,155.2890000000,7.0000000000
P9,street,direct_log,7,184.2940000000,9.0000000000
P9,street,direct_log,8,212.6420000000,6.4990000000
P9,street,direct_log,9,241.1650000000,5.4990000000
P9,street,direct_log,10,269.9620000000,9.9990000000
P9,street,direct_log,11,298.6250000000,7.0000000000
P10,supermarket,direct_log,1,16.3980000000,8.5000000000
P10,supermarket,direct_log,2,50.0990000000,16.5000000000
P10,supermarket,direct_log,3,83.7890000000,8.4990000000
P10,supermarket,direct_log,4,117.4930000000,9.4990000000
P10,supermarket,direct_log,5,150.9150000000,8.5000000000
P10,supermarket,direct_log,6,184.5490000000,7.5000000000
P10,supermarket,direct_log,7,218.1250000000,7.0000000000
P10,supermarket,direct_log,8,252.2560000000,4.9990000000
P10,supermarket,direct_log,9,285.8130000000,6.5000000000
P10,street,direct_log,1,0.7880000000,8.4990000000
P10,street,direct_log,2,40.4230000000,6.9990000000
P10,street,direct_log,3,80.0850000000,7.0000000000
P10,street,direct_log,4,120.6750000000,6.4990000000
P10,street,direct_log,5,161.5890000000,8.9990000000
P10,street,direct_log,6,202.4300000000,6.4990000000
P10,street,direct_log,7,242.8760000000,6.5000000000
P10,street,direct_log,8,283.6800000000,7.0000000000
