序号,采集时间,商品ID,商品名称,位置X,位置Y,位置Z,旋转X,旋转Y,旋转Z
1,2026-08-29 17:31:01.295,1,AdGai(Clone),-1.230000,0.890000,-1.800000,359.922300,0.713029,359.761900
2,2026-08-29 17:31:01.296,2,AdGai (1)(Clone),-1.230000,0.890000,-1.960000,359.920300,359.762500,359.762500
3,2026-08-29 17:31:01.296,3,AdGai (2)(Clone),-1.350000,0.890000,-1.960000,359.920300,359.762500,359.762500
4,2026-08-29 17:31:01.296,4,AdGai (3)(Clone),-1.350000,0.890000,-1.800000,359.920300,359.762500,359.762500
5,2026-08-29 17:31:01.296,5,Aoliao_nailao(Clone),0.120000,1.270000,-1.840000,0.078714,359.762200,359.762200
6,2026-08-29 17:31:01.296,6,Aoliao_nailao (1)(Clone),0.120000,1.320000,-1.840000,2.138662,359.919300,359.919300
7,2026-08-29 17:31:01.296,7,Aoliao_nailao (2)(Clone),0.120000,1.270000,-1.800000,0.237675,359.921000,0.079043
8,2026-08-29 17:31:01.296,8,Aoliao_nailao (3)(Clone),0.120000,1.320000,-1.790000,2.138867,359.925200,0.236265
9,2026-08-29 17:31:01.296,9,Aoliao_shengri(Clone),0.570000,1.270000,-1.840000,0.079042,359.762300,359.920600
10,2026-08-29 17:31:01.296,10,Aoliao_shengri (1)(Clone),0.570000,1.320000,-1.840000,359.287000,359.922300,359.762800
11,2026-08-29 17:31:01.296,11,Aoliao_shengri (2)(Clone),0.570000,1.270000,-1.790000,359.603900,359.921100,359.921100
12,2026-08-29 17:31:01.296,12,Aoliao_shengri (3)(Clone),0.570000,1.320000,-1.790000,0.871337,359.921400,0.078611
13,2026-08-29 17:31:01.296,13,Aoliao_yuanwei(Clone),0.340000,1.270000,-1.840000,359.603900,359.921100,359.921100
14,2026-08-29 17:31:01.296,14,Aoliao_yuanwei (1)(Clone),0.340000,1.320000,-1.790000,0.079261,359.920800,0.079152
15,2026-08-29 17:31:01.296,15,Aoliao_yuanwei (2)(Clone),0.340000,1.270000,-1.790000,359.445500,359.921200,359.921200
16,2026-08-29 17:31:01.296,16,Aoliao_yuanwei (3)(Clone),0.340000,1.320000,-1.840000,0.554405,359.920400,359.920400
17,2026-08-29 17:31:01.296,17,BaiChun_caomei(Clone),0.760000,1.270000,-1.780000,359.920600,359.762400,359.921000
18,2026-08-29 17:31:01.296,18,BaiChun_caomei (1)(Clone),0.760000,1.270000,-1.900000,0.395869,359.762100,359.920000
19,2026-08-29 17:31:01.296,19,BaiChun_hongjiu(Clone),0.890000,1.270000,-1.780000,0.237566,359.920600,359.920600
20,2026-08-29 17:31:01.296,20,BaiChun_hongjiu (1)(Clone),0.890000,1.270000,-1.900000,0.079042,359.762300,359.920600
21,2026-08-29 17:31:01.296,21,BaiChun_qiaokeli(Clone),1.020000,1.270000,-1.790000,0.395980,359.920500,359.920500
22,2026-08-29 17:31:01.296,22,BaiChun_qiaokeli (1)(Clone),1.020000,1.270000,-1.900000,359.920700,359.920800,359.920800
23,2026-08-29 17:31:01.296,23,BaiChun_tilamisu(Clone),1.150000,1.270000,-1.790000,359.920700,359.920800,359.920800
24,2026-08-29 17:31:01.296,24,BaiChun_tilamisu (1)(Clone),1.160000,1.270000,-1.900000,0.395980,359.920500,359.920500
25,2026-08-29 17:31:01.296,25,BaiChun_zhenren(Clone),1.290000,1.270000,-1.790000,0.395869,359.762100,359.920000
26,2026-08-29 17:31:01.296,26,BaiChun_zhenren (1)(Clone),1.290000,1.270000,-1.900000,359.920700,359.920800,359.920800
27,2026-08-29 17:31:01.296,27,Baishi(Clone),-0.630000,1.610000,-1.770000,359.920800,359.920700,0.079262
28,2026-08-29 17:31:01.296,28,Baishi (1)(Clone),-0.630000,1.610000,-1.870000,359.761900,359.762900,359.762900
29,2026-08-29 17:31:01.296,29,Baishi (2)(Clone),-0.530000,1.610000,-1.780000,359.762300,359.921000,359.921000
30,2026-08-29 17:31:01.296,30,Baishi (3)(Clone),-0.530000,1.610000,-1.870000,359.762300,359.921000,359.921000
31,2026-08-29 17:31:01.296,31,Baixiang_laniurou(Clone),1.300000,0.160000,-1.780000,-0.000437,89.552910,359.888000
32,2026-08-29 17:31:01.296,32,Baixiang_laniurou (1)(Clone),1.300000,0.260000,-1.780000,-0.001310,89.553340,359.664000
33,2026-08-29 17:31:01.296,33,Baixiang_laomuji(Clone),1.130000,0.160000,-1.780000,-0.000437,89.552910,359.888000
34,2026-08-29 17:31:01.296,34,Baixiang_laomuji (1)(Clone),1.130000,0.260000,-1.780000,-0.000655,89.776720,359.663900
35,2026-08-29 17:31:01.296,35,Baixiang_yangrou(Clone),0.960000,0.160000,-1.780000,-0.000437,89.552910,359.888000
36,2026-08-29 17:31:01.296,36,Baixiang_yangrou (1)(Clone),0.960000,0.260000,-1.780000,-0.000655,89.776720,359.663900
37,2026-08-29 17:31:01.296,37,Baixiang_zhugu(Clone),0.780000,0.160000,-1.780000,-0.000219,89.776280,359.888000
38,2026-08-29 17:31:01.296,38,Baixiang_zhugu (1)(Clone),0.780000,0.260000,-1.780000,359.887500,89.776720,359.776200
39,2026-08-29 17:31:01.296,39,BingHongCha(Clone),-1.210000,0.510000,-1.790000,359.762300,359.921000,359.921000
40,2026-08-29 17:31:01.296,40,BingHongCha (1)(Clone),-1.200000,0.510000,-1.890000,359.603800,359.762600,359.921600
41,2026-08-29 17:31:01.296,41,BingHongCha (2)(Clone),-1.130000,0.510000,-1.890000,359.762300,359.921000,359.921000
42,2026-08-29 17:31:01.296,42,BingHongCha (3)(Clone),-1.130000,0.510000,-1.990000,359.445400,359.921900,359.762800
43,2026-08-29 17:31:01.296,43,BingHongCha (4)(Clone),-1.130000,0.510000,-1.790000,359.762300,359.921000,359.921000
44,2026-08-29 17:31:01.296,44,BingHongCha (5)(Clone),-1.200000,0.510000,-1.990000,359.603800,359.921600,359.762600
45,2026-08-29 17:31:01.296,45,BingTangXueLi(Clone),-1.360000,0.510000,-1.790000,359.603900,359.921100,359.921100
46,2026-08-29 17:31:01.296,46,BingTangXueLi (1)(Clone),-1.360000,0.510000,-1.890000,359.603800,359.762600,359.921600
47,2026-08-29 17:31:01.296,47,BingTangXueLi (2)(Clone),-1.280000,0.510000,-1.890000,359.762200,359.762500,359.921300
48,2026-08-29 17:31:01.296,48,BingTangXueLi (3)(Clone),-1.280000,0.510000,-1.990000,359.762200,359.762500,359.921300
49,2026-08-29 17:31:01.296,49,BingTangXueLi (4)(Clone),-1.280000,0.510000,-1.790000,359.603800,359.762600,359.921600
50,2026-08-29 17:31:01.296,50,BingTangXueLi (5)(Clone),-1.360000,0.510000,-1.990000,359.603900,359.921100,359.921100
51,2026-08-29 17:31:01.296,51,DaJiao(Clone),-0.220000,0.160000,-1.720000,359.604800,359.761000,0.396862
52,2026-08-29 17:31:01.296,52,DaJiao (1)(Clone),-0.220000,0.160000,-1.960000,0.712920,359.921300,0.078719
53,2026-08-29 17:31:01.296,53,DaJiao (2)(Clone),-0.100000,0.160000,-1.720000,0.712810,359.920300,359.920300
54,2026-08-29 17:31:01.296,54,DaJiao (3)(Clone),-0.100000,0.160000,-1.960000,0.712810,359.920300,359.920300
55,2026-08-29 17:31:01.296,55,DaJiao_Hong(Clone),-0.440000,0.160000,-1.710000,359.619900,355.482600,0.411337
56,2026-08-29 17:31:01.296,56,DaJiao_Hong (1)(Clone),-0.340000,0.160000,-1.950000,359.620500,355.324100,0.411863
57,2026-08-29 17:31:01.296,57,DaJiao_Hong (2)(Clone),-0.340000,0.160000,-1.710000,0.392606,355.483700,359.905200
58,2026-08-29 17:31:01.296,58,DaJiao_Hong (3)(Clone),-0.440000,0.160000,-1.950000,0.234193,355.325300,359.911200
59,2026-08-29 17:31:01.296,59,DaJiao_lv(Clone),-0.660000,0.160000,-1.710000,359.764300,357.385800,0.084607
60,2026-08-29 17:31:01.296,60,DaJiao_lv (1)(Clone),-0.560000,0.160000,-1.940000,359.605900,357.385600,0.088221
61,2026-08-29 17:31:01.296,61,DaJiao_lv (2)(Clone),-0.560000,0.160000,-1.700000,359.612500,357.543000,0.404437
62,2026-08-29 17:31:01.296,62,DaJiao_lv (3)(Clone),-0.660000,0.160000,-1.940000,0.556112,357.386200,0.066541
63,2026-08-29 17:31:01.296,63,DongFangBaicha(Clone),-1.330000,1.270000,-1.770000,359.921400,0.871341,359.920200
64,2026-08-29 17:31:01.296,64,DongFangBaicha (1)(Clone),-1.320000,1.270000,-1.890000,359.761900,0.712706,0.077728
65,2026-08-29 17:31:01.296,65,DongFangBaicha (2)(Clone),-1.220000,1.270000,-1.770000,359.921400,0.871341,359.920200
66,2026-08-29 17:31:01.296,66,DongFangBaicha (3)(Clone),-1.220000,1.270000,-1.890000,359.921400,0.871341,359.920200
67,2026-08-29 17:31:01.296,67,DongFangPuer(Clone),-1.120000,1.270000,-1.780000,359.920700,359.920800,359.920800
68,2026-08-29 17:31:01.296,68,DongFangPuer (1)(Clone),-1.010000,1.270000,-1.900000,0.079042,359.920600,359.762300
69,2026-08-29 17:31:01.296,69,DongFangPuer (2)(Clone),-1.010000,1.270000,-1.780000,0.079699,359.762500,0.237456
70,2026-08-29 17:31:01.296,70,DongFangPuer (3)(Clone),-1.110000,1.270000,-1.900000,359.920700,359.920800,359.920800
71,2026-08-29 17:31:01.296,71,DongFangWulong(Clone),-0.910000,1.270000,-1.770000,359.920700,359.920800,359.920800
72,2026-08-29 17:31:01.296,72,DongFangWulong (1)(Clone),-0.910000,1.270000,-1.890000,359.920700,359.920800,359.920800
73,2026-08-29 17:31:01.296,73,DongFangWulong (2)(Clone),-0.810000,1.270000,-1.780000,359.920600,359.921000,359.762400
74,2026-08-29 17:31:01.296,74,DongFangWulong (3)(Clone),-0.810000,1.270000,-1.900000,359.920700,359.920800,359.920800
75,2026-08-29 17:31:01.296,75,DongPeng(Clone),-0.440000,0.510000,-1.780000,359.762200,359.762500,359.921300
76,2026-08-29 17:31:01.296,76,DongPeng (1)(Clone),-0.440000,0.510000,-1.910000,359.762200,359.921300,359.762500
77,2026-08-29 17:31:01.296,77,DongPeng (2)(Clone),-0.320000,0.510000,-1.780000,359.920300,359.762500,359.762500
78,2026-08-29 17:31:01.296,78,DongPeng (3)(Clone),-0.320000,0.510000,-1.910000,359.762200,359.921300,359.762500
79,2026-08-29 17:31:01.296,79,DouNai(Clone),-0.910000,0.890000,-1.770000,359.286000,359.765800,359.447000
80,2026-08-29 17:31:01.296,80,DouNai (1)(Clone),-0.810000,0.890000,-1.920000,359.286000,359.765800,359.447000
81,2026-08-29 17:31:01.296,81,DouNai (2)(Clone),-0.810000,0.890000,-1.770000,359.286000,359.765800,359.447000
82,2026-08-29 17:31:01.296,82,DouNai (3)(Clone),-0.910000,0.890000,-1.930000,359.286000,359.765800,359.447000
83,2026-08-29 17:31:01.296,83,Fenda(Clone),-0.420000,1.610000,-1.780000,359.920700,359.920800,359.920800
84,2026-08-29 17:31:01.296,84,FenDa (1)(Clone),-0.330000,1.610000,-1.870000,359.762100,359.921600,359.604100
85,2026-08-29 17:31:01.296,85,FenDa (2)(Clone),-0.330000,1.610000,-1.780000,0.079261,359.920800,0.079152
86,2026-08-29 17:31:01.296,86,FenDa (3)(Clone),-0.420000,1.610000,-1.880000,0.079699,359.762500,0.237456
87,2026-08-29 17:31:01.296,87,HaerBin(Clone),-1.140000,0.160000,-1.710000,0.262210,3.246035,359.135800
88,2026-08-29 17:31:01.296,88,HaerBin (1)(Clone),-1.140000,0.160000,-1.910000,0.402921,3.405625,359.774300
89,2026-08-29 17:31:01.296,89,HaerBin (2)(Clone),-1.020000,0.160000,-1.710000,0.565973,3.404579,359.620600
90,2026-08-29 17:31:01.296,90,HaerBin (3)(Clone),-1.020000,0.160000,-1.910000,0.402921,3.405625,359.774300
91,2026-08-29 17:31:01.296,91,haoliyou_caomei(Clone),0.820000,0.890000,-1.790000,0.079371,180.237600,359.921000
92,2026-08-29 17:31:01.296,92,haoliyou_caomei (1)(Clone),0.820000,0.890000,-1.920000,0.079371,180.237600,359.921000
93,2026-08-29 17:31:01.296,93,haoliyou_mocha(Clone),1.020000,0.890000,-1.790000,0.079371,180.237600,359.921000
94,2026-08-29 17:31:01.296,94,haoliyou_mocha (1)(Clone),1.020000,0.890000,-1.920000,0.079371,180.237600,359.921000
95,2026-08-29 17:31:01.296,95,haoliyou_yuanwei(Clone),1.250000,0.890000,-1.800000,0.079371,180.237600,359.921000
96,2026-08-29 17:31:01.296,96,haoliyou_yuanwei (1)(Clone),1.250000,0.890000,-1.920000,0.079371,180.237600,359.921000
97,2026-08-29 17:31:01.296,97,HongNiu(Clone),-1.350000,1.610000,-1.770000,359.762200,359.762500,359.921300
98,2026-08-29 17:31:01.296,98,HongNiu (1)(Clone),-1.350000,1.610000,-1.880000,359.604000,359.920500,0.079482
99,2026-08-29 17:31:01.296,99,HongNiu (2)(Clone),-1.230000,1.610000,-1.770000,359.762200,359.921300,359.762500
100,2026-08-29 17:31:01.296,100,HongNiu (3)(Clone),-1.230000,1.610000,-1.880000,359.921000,359.762300,0.079371
101,2026-08-29 17:31:01.296,101,Kele(Clone),-0.220000,1.610000,-1.780000,359.762200,359.921300,359.762500
102,2026-08-29 17:31:01.296,102,Kele (1)(Clone),-0.120000,1.610000,-1.870000,0.079261,359.920800,0.079152
103,2026-08-29 17:31:01.296,103,Kele (2)(Clone),-0.120000,1.610000,-1.780000,0.237675,359.921000,0.079043
104,2026-08-29 17:31:01.296,104,Kele (3)(Clone),-0.220000,1.610000,-1.870000,0.238112,359.762900,0.237129
105,2026-08-29 17:31:01.296,105,KeleP1(Clone),-0.210000,1.270000,-1.780000,359.778400,92.438500,359.883200
106,2026-08-29 17:31:01.296,106,KeleP1 (1)(Clone),-0.100000,1.270000,-1.860000,359.896700,92.218440,359.549900
107,2026-08-29 17:31:01.296,107,KeleP1 (2)(Clone),-0.100000,1.270000,-1.780000,0.010838,92.217550,359.440000
108,2026-08-29 17:31:01.296,108,KeleP1 (3)(Clone),-0.210000,1.270000,-1.860000,359.786900,92.218450,359.435700
109,2026-08-29 17:31:01.296,109,KeleP2(Clone),-0.410000,1.270000,-1.770000,359.335200,92.438200,359.649700
110,2026-08-29 17:31:01.296,110,KeleP2 (1)(Clone),-0.300000,1.270000,-1.860000,0.331204,92.438510,0.231131
111,2026-08-29 17:31:01.296,111,KeleP2 (2)(Clone),-0.300000,1.270000,-1.770000,359.558500,92.218940,359.655300
112,2026-08-29 17:31:01.296,112,KeleP2 (3)(Clone),-0.410000,1.270000,-1.860000,359.448700,92.218970,359.541200
113,2026-08-29 17:31:01.296,113,KeleP4(Clone),-0.640000,1.270000,-1.780000,0.216830,92.438500,0.340738
114,2026-08-29 17:31:01.296,114,KeleP4 (1)(Clone),-0.640000,1.270000,-1.860000,0.102459,92.438040,0.450344
115,2026-08-29 17:31:01.296,115,KeleP4 (2)(Clone),-0.510000,1.270000,-1.780000,0.455106,92.435930,359.673600
116,2026-08-29 17:31:01.296,116,KeleP4 (3)(Clone),-0.520000,1.270000,-1.860000,0.212067,92.438040,0.564719
117,2026-08-29 17:31:01.296,117,LeShi_heijiao(Clone),0.090000,1.610000,-1.780000,358.995000,298.005900,0.326610
118,2026-08-29 17:31:01.296,118,LeShi_heijiao (1)(Clone),0.090000,1.610000,-1.890000,359.430000,298.197300,359.510300
119,2026-08-29 17:31:01.296,119,LeShi_huanggua(Clone),0.600000,1.610000,-1.770000,359.238900,297.826400,359.811500
120,2026-08-29 17:31:01.296,120,LeShi_huanggua (1)(Clone),0.600000,1.610000,-1.890000,359.647900,297.824300,0.489786
121,2026-08-29 17:31:01.296,121,LeShi_kaorou(Clone),0.230000,1.610000,-1.780000,359.238900,297.826400,359.811500
122,2026-08-29 17:31:01.297,122,LeShi_kaorou (1)(Clone),0.230000,1.610000,-1.900000,359.049300,297.823400,0.110741
123,2026-08-29 17:31:01.297,123,LeShi_qingning(Clone),0.480000,1.610000,-1.780000,359.185000,297.824800,0.028930
124,2026-08-29 17:31:01.297,124,LeShi_qingning (1)(Clone),0.480000,1.610000,-1.890000,359.103400,298.010400,359.891800
125,2026-08-29 17:31:01.297,125,LeShi_tudou(Clone),0.360000,1.610000,-1.770000,359.103800,298.379600,359.888900
126,2026-08-29 17:31:01.297,126,LeShi_tudou (1)(Clone),0.360000,1.610000,-1.890000,359.049000,298.193100,0.107674
127,2026-08-29 17:31:01.297,127,LeShiD_huanggua(Clone),1.010000,1.610000,-1.800000,359.922100,1.821887,359.919600
128,2026-08-29 17:31:01.297,128,LeShiD_huanggua(Clone),1.010000,1.640000,-1.950000,270.111900,1.680108,0.000000
129,2026-08-29 17:31:01.297,129,LeShiD_qingning(Clone),1.240000,1.610000,-1.800000,359.921800,1.505027,359.919800
130,2026-08-29 17:31:01.297,130,LeShiD_qingning(Clone),1.220000,1.640000,-1.960000,270.019800,2.128044,0.000000
131,2026-08-29 17:31:01.297,131,LeShiD_yuanwei(Clone),0.820000,1.610000,-1.800000,359.922100,1.821887,359.919600
132,2026-08-29 17:31:01.297,132,LeShiD_yuanwei (1)(Clone),0.810000,1.640000,-1.960000,270.000000,1.904083,0.000000
133,2026-08-29 17:31:01.297,133,Liziyuan(Clone),-1.130000,0.890000,-1.790000,359.126200,55.629920,359.449500
134,2026-08-29 17:31:01.297,134,Liziyuan (1)(Clone),-1.130000,0.890000,-1.940000,359.686700,55.624330,359.745100
135,2026-08-29 17:31:01.297,135,Liziyuan (2)(Clone),-1.010000,0.890000,-1.790000,359.201200,55.809840,359.308100
136,2026-08-29 17:31:01.297,136,Liziyuan (3)(Clone),-1.010000,0.890000,-1.940000,358.995400,55.815590,359.019700
137,2026-08-29 17:31:01.297,137,MeiZhiYuan(Clone),-0.210000,0.510000,-1.800000,0.636082,150.938200,0.244258
138,2026-08-29 17:31:01.297,138,MeiZhiYuan (1)(Clone),-0.210000,0.510000,-1.940000,0.635382,151.265400,0.246073
139,2026-08-29 17:31:01.297,139,MeiZhiYuan (2)(Clone),-0.100000,0.510000,-1.800000,0.636082,150.938200,0.244258
140,2026-08-29 17:31:01.297,140,MeiZhiYuan (3)(Clone),-0.100000,0.510000,-1.940000,0.329387,150.938100,0.323748
141,2026-08-29 17:31:01.297,141,NingMeng(Clone),-0.650000,0.510000,-1.780000,0.079261,359.920800,0.079152
142,2026-08-29 17:31:01.297,142,NingMeng (1)(Clone),-0.550000,0.510000,-1.910000,0.079261,359.920800,0.079152
143,2026-08-29 17:31:01.297,143,NingMeng (2)(Clone),-0.550000,0.510000,-1.780000,0.237784,359.921300,0.237458
144,2026-08-29 17:31:01.297,144,NingMeng (3)(Clone),-0.650000,0.510000,-1.910000,0.079371,359.762400,0.079042
145,2026-08-29 17:31:01.297,145,Qdi_caomei(Clone),0.350000,0.890000,-1.800000,359.920600,359.762400,359.921000
146,2026-08-29 17:31:01.297,146,Qdi_caomei (1)(Clone),0.350000,0.890000,-1.940000,359.920700,359.920800,359.920800
147,2026-08-29 17:31:01.297,147,Qdi_moka(Clone),0.560000,0.890000,-1.800000,359.920700,359.920800,359.920800
148,2026-08-29 17:31:01.297,148,Qdi_moka (1)(Clone),0.560000,0.890000,-1.940000,359.762300,359.921000,359.921000
149,2026-08-29 17:31:01.297,149,Qdi_zhenzi(Clone),0.100000,0.890000,-1.810000,359.762300,359.921000,359.921000
150,2026-08-29 17:31:01.297,150,Qdi_zhenzi (1)(Clone),0.100000,0.890000,-1.950000,359.762300,359.921000,359.921000
151,2026-08-29 17:31:01.297,151,QingDao(Clone),-1.360000,0.160000,-1.700000,359.287400,0.081675,359.603500
152,2026-08-29 17:31:01.297,152,QingDao (1)(Clone),-1.360000,0.160000,-1.900000,359.604500,0.081670,359.286800
153,2026-08-29 17:31:01.297,153,QingDao (2)(Clone),-1.250000,0.160000,-1.700000,359.604800,0.238992,359.603100
154,2026-08-29 17:31:01.297,154,QingDao (3)(Clone),-1.250000,0.160000,-1.900000,359.763200,0.238441,359.603500
155,2026-08-29 17:31:01.297,155,Qixi(Clone),-1.130000,1.610000,-1.770000,0.055830,30.209720,0.097110
156,2026-08-29 17:31:01.297,156,Qixi (1)(Clone),-1.130000,1.610000,-1.860000,0.027308,30.373870,359.597000
157,2026-08-29 17:31:01.297,157,Qixi (2)(Clone),-1.020000,1.610000,-1.770000,359.720900,30.211200,359.514400
158,2026-08-29 17:31:01.297,158,Qixi (3)(Clone),-1.020000,1.610000,-1.860000,359.972700,30.373870,0.402953
159,2026-08-29 17:31:01.297,159,ShaoXianCao(Clone),-0.410000,0.890000,-1.800000,359.762100,359.921600,359.604100
160,2026-08-29 17:31:01.297,160,ShaoXianCao (1)(Clone),-0.410000,0.890000,-1.920000,359.762200,359.921300,359.762500
161,2026-08-29 17:31:01.297,161,ShaoXianCao (2)(Clone),-0.320000,0.890000,-1.800000,359.920600,359.921000,359.762400
162,2026-08-29 17:31:01.297,162,ShaoXianCao (3)(Clone),-0.310000,0.890000,-1.920000,359.920600,359.921000,359.762400
163,2026-08-29 17:31:01.297,163,SuanMeiTang(Clone),-0.880000,0.510000,-1.780000,359.762300,359.921000,359.921000
164,2026-08-29 17:31:01.297,164,SuanMeiTang (1)(Clone),-0.880000,0.510000,-1.890000,359.762200,359.762500,359.921300
165,2026-08-29 17:31:01.297,165,SuanMeiTang (2)(Clone),-0.800000,0.510000,-1.890000,359.603900,359.921100,359.921100
166,2026-08-29 17:31:01.297,166,SuanMeiTang (3)(Clone),-0.800000,0.510000,-1.980000,359.762300,359.921000,359.921000
167,2026-08-29 17:31:01.297,167,SuanMeiTang (4)(Clone),-0.800000,0.510000,-1.780000,359.603900,359.921100,359.921100
168,2026-08-29 17:31:01.297,168,SuanMeiTang (5)(Clone),-0.880000,0.510000,-1.980000,359.762200,359.762500,359.921300
169,2026-08-29 17:31:01.297,169,TaiPing_congxiang(Clone),0.850000,0.510000,-1.790000,1.189313,1.979765,359.941300
170,2026-08-29 17:31:01.297,170,TaiPing_congxiang (1)(Clone),0.850000,0.510000,-1.950000,1.189314,1.979765,359.941300
171,2026-08-29 17:31:01.297,171,TaiPing_heihujiao(Clone),0.160000,0.510000,-1.780000,1.189231,1.821304,359.939700
172,2026-08-29 17:31:01.297,172,TaiPing_heihujiao (1)(Clone),0.160000,0.510000,-1.910000,1.189313,1.979765,359.941300
173,2026-08-29 17:31:01.297,173,TaiPing_naiyan(Clone),0.490000,0.510000,-1.790000,1.347713,1.979746,359.944100
174,2026-08-29 17:31:01.297,174,TaiPing_naiyan (1)(Clone),0.490000,0.510000,-1.920000,1.189314,1.979765,359.941300
175,2026-08-29 17:31:01.297,175,TaiPing_ouqin(Clone),1.190000,0.510000,-1.790000,1.189314,1.979765,359.941300
176,2026-08-29 17:31:01.297,176,TaiPing_ouqin (1)(Clone),1.190000,0.510000,-1.950000,1.347713,1.979746,359.944100
177,2026-08-29 17:31:01.297,177,Tangdaren_haixian(Clone),0.600000,0.160000,-1.800000,0.554284,359.762000,359.919600
178,2026-08-29 17:31:01.297,178,Tangdaren_haixian (1)(Clone),0.600000,0.290000,-1.790000,0.710936,359.600500,359.443100
179,2026-08-29 17:31:01.297,179,Tangdaren_laniurou(Clone),0.080000,0.160000,-1.780000,359.919600,359.762800,359.445700
180,2026-08-29 17:31:01.297,180,Tangdaren_laniurou (1)(Clone),0.080000,0.290000,-1.780000,359.918700,359.763100,358.970500
181,2026-08-29 17:31:01.297,181,Tangdaren_luosong(Clone),0.250000,0.160000,-1.790000,359.762300,359.921000,359.921000
182,2026-08-29 17:31:01.297,182,Tangdaren_luosong (1)(Clone),0.250000,0.290000,-1.790000,359.920500,359.921100,359.604000
183,2026-08-29 17:31:01.297,183,Tangdaren_rishi(Clone),0.430000,0.160000,-1.790000,359.603600,359.922700,359.445800
184,2026-08-29 17:31:01.297,184,Tangdaren_rishi (1)(Clone),0.430000,0.290000,-1.790000,359.600400,359.607500,358.971600
185,2026-08-29 17:31:01.297,185,WaiXingRen(Clone),-0.640000,0.890000,-1.800000,-0.000219,89.776280,359.888000
186,2026-08-29 17:31:01.297,186,WaiXingRen(Clone),-0.530000,0.890000,-1.940000,0.112015,89.776290,-0.000219
187,2026-08-29 17:31:01.297,187,WaiXingRen (1)(Clone),-0.640000,0.890000,-1.940000,0.112452,90.223290,359.776200
188,2026-08-29 17:31:01.297,188,WaiXingRen (2)(Clone),-0.530000,0.890000,-1.800000,0.224249,89.776720,0.111579
189,2026-08-29 17:31:01.297,189,XianGuoCheng(Clone),-1.040000,0.510000,-1.790000,0.079042,359.762300,359.920600
190,2026-08-29 17:31:01.297,190,XianGuoCheng (1)(Clone),-1.040000,0.510000,-1.890000,0.079042,359.762300,359.920600
191,2026-08-29 17:31:01.297,191,XianGuoCheng (2)(Clone),-0.970000,0.510000,-1.890000,0.079042,359.762300,359.920600
192,2026-08-29 17:31:01.297,192,XianGuoCheng (3)(Clone),-0.970000,0.510000,-1.990000,0.079042,359.762300,359.920600
193,2026-08-29 17:31:01.297,193,XianGuoCheng (4)(Clone),-0.970000,0.510000,-1.790000,0.079042,359.762300,359.920600
194,2026-08-29 17:31:01.297,194,XianGuoCheng (5)(Clone),-1.040000,0.510000,-1.990000,0.237675,359.921000,0.079043
195,2026-08-29 17:31:01.297,195,Xuebi(Clone),-0.910000,1.610000,-1.770000,359.920800,359.920700,0.079262
196,2026-08-29 17:31:01.297,196,Xuebi (1)(Clone),-0.810000,1.610000,-1.880000,359.921000,359.762300,0.079371
197,2026-08-29 17:31:01.297,197,Xuebi (2)(Clone),-0.810000,1.610000,-1.770000,0.079152,359.920700,359.920700
198,2026-08-29 17:31:01.297,198,Xuebi (3)(Clone),-0.910000,1.610000,-1.880000,359.603800,359.762600,359.921600
199,2026-08-29 17:31:01.297,199,XueHua(Clone),-0.920000,0.160000,-1.710000,359.619300,352.945200,0.261538
200,2026-08-29 17:31:01.297,200,XueHua (1)(Clone),-0.920000,0.160000,-1.920000,359.619300,352.945200,0.261538
201,2026-08-29 17:31:01.297,201,XueHua (2)(Clone),-0.810000,0.160000,-1.710000,359.461200,352.944800,0.271288
202,2026-08-29 17:31:01.297,202,XueHua (3)(Clone),-0.810000,0.160000,-1.920000,359.619300,352.945200,0.261538
203,2026-08-29 17:31:01.297,203,YeZiZhi(Clone),-0.210000,0.890000,-1.810000,0.078933,359.920500,359.603900
204,2026-08-29 17:31:01.297,204,YeZiZhi (1)(Clone),-0.210000,0.890000,-1.930000,0.078933,359.920500,359.603900
205,2026-08-29 17:31:01.297,205,YeZiZhi (2)(Clone),-0.100000,0.890000,-1.810000,359.762200,359.921300,359.762500
206,2026-08-29 17:31:01.297,206,YeZiZhi (3)(Clone),-0.100000,0.890000,-1.930000,359.920800,359.920700,0.079262
207,2026-08-29 17:31:54.220,115,KeleP4 (2)(Clone),-0.510000,1.270000,-1.780000,0.081371,92.331630,0.241978
208,2026-08-29 17:31:54.220,116,KeleP4 (3)(Clone),-0.520000,1.270000,-1.860000,0.019337,92.232830,359.827600
209,2026-08-29 17:31:54.333,109,KeleP2(Clone),-0.410000,1.270000,-1.770000,0.108229,92.438480,0.179094
210,2026-08-29 17:31:54.333,113,KeleP4(Clone),-0.640000,1.270000,-1.780000,359.895500,92.438120,359.644200
211,2026-08-29 17:31:54.333,114,KeleP4 (1)(Clone),-0.640000,1.270000,-1.860000,359.918900,92.218460,359.621200
212,2026-08-29 17:31:54.385,115,KeleP4 (2)(Clone),-0.514264,1.270000,-1.780000,359.538200,93.912420,358.993600
213,2026-08-29 17:31:54.443,109,KeleP2(Clone),-0.410000,1.270000,-1.770000,359.439100,92.217670,359.987100
214,2026-08-29 17:31:54.443,115,KeleP4 (2)(Clone),-0.520000,1.270000,-1.780000,359.518300,95.892220,358.393200
215,2026-08-29 17:31:54.506,109,KeleP2(Clone),-0.410000,1.270000,-1.770000,359.233300,92.219060,359.090100
216,2026-08-29 17:31:54.506,115,KeleP4 (2)(Clone),-0.510028,1.270000,-1.780000,357.501300,99.427050,353.501100
217,2026-08-29 17:31:54.506,116,KeleP4 (3)(Clone),-0.520000,1.270000,-1.860000,358.800000,91.101590,356.857000
218,2026-08-29 17:31:54.564,115,KeleP4 (2)(Clone),-0.510000,1.280000,-1.780000,358.712200,111.302400,346.801500
219,2026-08-29 17:31:54.564,116,KeleP4 (3)(Clone),-0.520000,1.279208,-1.860000,355.123700,90.154010,348.856100
220,2026-08-29 17:31:54.627,115,KeleP4 (2)(Clone),-0.510000,1.280000,-1.780000,357.569200,103.453400,343.007100
221,2026-08-29 17:31:54.627,116,KeleP4 (3)(Clone),-0.500000,1.280000,-1.870000,5.086153,123.185000,344.124500
222,2026-08-29 17:31:54.678,115,KeleP4 (2)(Clone),-0.510000,1.288299,-1.789477,357.289800,103.721500,348.844600
223,2026-08-29 17:31:54.678,116,KeleP4 (3)(Clone),-0.490435,1.288299,-1.870000,32.222120,132.994800,340.800900
224,2026-08-29 17:31:54.730,114,KeleP4 (1)(Clone),-0.640000,1.270000,-1.860000,0.107178,92.436160,0.228718
225,2026-08-29 17:31:54.730,116,KeleP4 (3)(Clone),-0.490000,1.290000,-1.870000,34.078300,133.310000,340.571900
226,2026-08-29 17:31:54.788,112,KeleP2 (3)(Clone),-0.410000,1.270000,-1.860000,359.935700,92.323890,0.057083
227,2026-08-29 17:31:54.788,115,KeleP4 (2)(Clone),-0.510000,1.290000,-1.780000,356.423100,102.180900,350.127800
228,2026-08-29 17:31:54.788,116,KeleP4 (3)(Clone),-0.485181,1.290000,-1.880000,52.552040,142.546300,343.784100
229,2026-08-29 17:31:54.851,113,KeleP4(Clone),-0.640000,1.270000,-1.780000,0.212067,92.438030,0.564719
230,2026-08-29 17:31:54.851,114,KeleP4 (1)(Clone),-0.640000,1.270000,-1.860000,359.787700,92.438060,359.448100
231,2026-08-29 17:31:54.851,115,KeleP4 (2)(Clone),-0.500000,1.300000,-1.770000,356.020400,101.070700,352.334600
232,2026-08-29 17:31:54.851,116,KeleP4 (3)(Clone),-0.470000,1.290000,-1.870000,54.864670,181.107200,14.225550
233,2026-08-29 17:31:54.901,109,KeleP2(Clone),-0.410000,1.270000,-1.770000,-0.003454,92.437230,359.444100
234,2026-08-29 17:31:54.901,115,KeleP4 (2)(Clone),-0.500000,1.316136,-1.747728,356.210600,99.057720,354.178300
235,2026-08-29 17:31:54.901,116,KeleP4 (3)(Clone),-0.470000,1.290000,-1.870000,54.074070,187.527800,19.481880
236,2026-08-29 17:31:54.955,115,KeleP4 (2)(Clone),-0.500000,1.320000,-1.731069,356.290000,98.097890,355.069400
237,2026-08-29 17:31:55.006,114,KeleP4 (1)(Clone),-0.640000,1.270000,-1.860000,0.226157,92.218450,359.892300
238,2026-08-29 17:31:55.006,115,KeleP4 (2)(Clone),-0.490000,1.330000,-1.707446,356.006000,97.556060,356.232000
239,2026-08-29 17:31:55.073,115,KeleP4 (2)(Clone),-0.490000,1.330000,-1.701360,355.749500,97.420150,356.972400
240,2026-08-29 17:31:55.073,116,KeleP4 (3)(Clone),-0.470000,1.290000,-1.870000,53.949580,188.479500,20.292930
241,2026-08-29 17:31:55.148,115,KeleP4 (2)(Clone),-0.470000,1.340000,-1.628520,353.213200,96.441510,358.760100
242,2026-08-29 17:31:55.200,115,KeleP4 (2)(Clone),-0.469587,1.339587,-1.573603,353.303100,96.725490,0.778601
243,2026-08-29 17:31:55.264,115,KeleP4 (2)(Clone),-0.454816,1.319632,-1.519632,351.885000,97.872590,359.986900
244,2026-08-29 17:31:55.336,115,KeleP4 (2)(Clone),-0.448765,1.308764,-1.506294,350.832800,97.846830,359.343400
245,2026-08-29 17:31:55.388,115,KeleP4 (2)(Clone),-0.422649,1.265299,-1.420598,348.710500,101.343300,351.956300
246,2026-08-29 17:31:55.450,115,KeleP4 (2)(Clone),-0.406807,1.216807,-1.350420,355.985700,106.562300,336.060300
247,2026-08-29 17:31:55.503,115,KeleP4 (2)(Clone),-0.372520,1.190000,-1.258780,355.035200,106.831700,326.135100
248,2026-08-29 17:31:55.557,115,KeleP4 (2)(Clone),-0.350000,1.190000,-1.212036,354.853100,112.455600,325.915600
249,2026-08-29 17:31:55.612,115,KeleP4 (2)(Clone),-0.339706,1.200294,-1.149706,358.423700,118.920000,323.946700
250,2026-08-29 17:31:55.677,115,KeleP4 (2)(Clone),-0.330000,1.210000,-1.122434,1.133356,122.140000,322.277000
251,2026-08-29 17:31:55.729,115,KeleP4 (2)(Clone),-0.228499,0.937217,-1.070969,34.368710,134.877900,297.563800
252,2026-08-29 17:31:55.784,115,KeleP4 (2)(Clone),-0.126035,0.631124,-1.033018,67.593670,147.345400,285.541100
253,2026-08-29 17:31:55.837,115,KeleP4 (2)(Clone),-0.089419,0.497097,-1.019419,78.073790,169.802100,301.753000
254,2026-08-29 17:31:55.901,115,KeleP4 (2)(Clone),-0.022367,0.146291,-0.966255,70.167630,298.254200,55.548510
255,2026-08-29 17:31:55.975,115,KeleP4 (2)(Clone),-0.010000,0.030000,-0.980000,49.986900,337.793500,86.013790
256,2026-08-29 17:31:56.026,115,KeleP4 (2)(Clone),-0.010000,0.040000,-0.980000,43.262600,341.087400,90.544050
257,2026-08-29 17:31:56.093,115,KeleP4 (2)(Clone),-0.010000,0.040000,-0.980000,41.419880,341.109000,90.631660
258,2026-08-29 17:31:56.200,115,KeleP4 (2)(Clone),-0.010000,0.040000,-0.980000,44.493900,341.058500,90.368520
259,2026-08-29 17:31:57.788,109,KeleP2(Clone),-0.410000,1.270000,-1.770000,359.180300,92.437210,359.758500
260,2026-08-29 17:31:57.897,109,KeleP2(Clone),-0.404326,1.280000,-1.780000,355.940800,92.265590,3.745201
261,2026-08-29 17:31:57.897,110,KeleP2 (1)(Clone),-0.300000,1.270000,-1.860000,359.609100,92.438520,359.606600
262,2026-08-29 17:31:57.897,116,KeleP4 (3)(Clone),-0.470000,1.290000,-1.870000,54.034060,187.804100,19.720230
263,2026-08-29 17:31:57.963,109,KeleP2(Clone),-0.418901,1.280000,-1.790000,358.406000,95.781580,10.982490
264,2026-08-29 17:31:58.030,109,KeleP2(Clone),-0.419131,1.280869,-1.780000,358.240400,95.453940,12.091210
265,2026-08-29 17:31:58.030,112,KeleP2 (3)(Clone),-0.410000,1.270000,-1.860000,359.784500,92.876500,359.658400
266,2026-08-29 17:31:58.097,109,KeleP2(Clone),-0.395626,1.304374,-1.761251,353.285500,90.769720,19.464950
267,2026-08-29 17:31:58.150,109,KeleP2(Clone),-0.351962,1.329019,-1.720981,349.618700,82.651640,26.716660
268,2026-08-29 17:31:58.210,109,KeleP2(Clone),-0.322112,1.322112,-1.684223,351.209100,74.597870,28.717030
269,2026-08-29 17:31:58.210,116,KeleP4 (3)(Clone),-0.470000,1.290000,-1.870000,54.158020,186.774300,18.922940
270,2026-08-29 17:31:58.258,109,KeleP2(Clone),-0.224147,1.301447,-1.604130,355.197500,64.543170,32.322950
271,2026-08-29 17:31:58.258,111,KeleP2 (2)(Clone),-0.300000,1.270000,-1.770000,0.196802,92.390900,0.773385
272,2026-08-29 17:31:58.310,109,KeleP2(Clone),-0.217741,1.297741,-1.598494,355.273200,63.782410,31.885640
273,2026-08-29 17:31:58.363,109,KeleP2(Clone),-0.131196,1.191594,-1.521196,358.321000,52.386380,18.937360
274,2026-08-29 17:31:58.415,109,KeleP2(Clone),-0.100000,1.067661,-1.420597,2.191693,40.768420,353.611800
275,2026-08-29 17:31:58.415,111,KeleP2 (2)(Clone),-0.300000,1.270000,-1.770000,359.216000,92.212460,357.928500
276,2026-08-29 17:31:58.467,109,KeleP2(Clone),-0.125260,0.919481,-1.377110,17.062520,28.084690,323.103900
277,2026-08-29 17:31:58.521,109,KeleP2(Clone),-0.176404,0.871035,-1.289385,9.950013,14.556930,292.402000
278,2026-08-29 17:31:58.521,111,KeleP2 (2)(Clone),-0.300000,1.270000,-1.770000,0.105337,92.216300,0.754186
279,2026-08-29 17:31:58.589,109,KeleP2(Clone),-0.194604,0.873812,-1.176831,7.964739,9.425114,265.941500
280,2026-08-29 17:31:58.589,111,KeleP2 (2)(Clone),-0.300000,1.270000,-1.770000,0.737533,92.374610,1.440171
281,2026-08-29 17:31:58.656,109,KeleP2(Clone),-0.190000,0.823661,-1.084153,27.327690,14.024070,262.471500
282,2026-08-29 17:31:58.712,109,KeleP2(Clone),-0.180000,0.668397,-0.865496,53.147810,19.677120,259.497500
283,2026-08-29 17:31:58.761,109,KeleP2(Clone),-0.170000,0.438125,-0.637816,80.401920,32.209650,264.386600
284,2026-08-29 17:31:58.761,111,KeleP2 (2)(Clone),-0.300000,1.270000,-1.770000,0.526828,92.218560,0.659160
285,2026-08-29 17:31:58.812,109,KeleP2(Clone),-0.170000,0.435470,-0.635470,80.692490,32.614200,264.714100
286,2026-08-29 17:31:58.887,109,KeleP2(Clone),-0.156880,0.043760,-0.333760,61.990060,202.264300,63.994610
287,2026-08-29 17:31:58.887,111,KeleP2 (2)(Clone),-0.300000,1.270000,-1.770000,359.128100,92.193500,358.725300
288,2026-08-29 17:31:58.951,109,KeleP2(Clone),-0.141985,0.030000,-0.159923,43.516220,211.616400,69.640750
289,2026-08-29 17:31:59.015,109,KeleP2(Clone),-0.122488,0.030000,0.005075,29.387630,220.711300,83.087460
290,2026-08-29 17:31:59.015,111,KeleP2 (2)(Clone),-0.300000,1.270000,-1.770000,359.563900,92.218810,359.375600
291,2026-08-29 17:31:59.082,109,KeleP2(Clone),-0.079813,0.030000,0.120375,322.218200,221.804500,89.990590
292,2026-08-29 17:31:59.137,109,KeleP2(Clone),-0.038390,0.030000,0.171610,278.559400,39.212190,269.818900
293,2026-08-29 17:31:59.203,109,KeleP2(Clone),-0.010901,0.030000,0.200000,332.197400,39.007790,269.814000
294,2026-08-29 17:31:59.259,109,KeleP2(Clone),-0.000916,0.030000,0.219085,9.459788,38.990210,270.197400
295,2026-08-29 17:31:59.313,109,KeleP2(Clone),0.000000,0.030000,0.220000,11.693930,38.996830,270.235800
296,2026-08-29 17:31:59.365,109,KeleP2(Clone),0.010000,0.030000,0.230000,35.340230,39.240340,270.310400
297,2026-08-29 17:31:59.417,109,KeleP2(Clone),0.010230,0.030000,0.240000,47.357830,39.349880,270.473700
298,2026-08-29 17:31:59.483,109,KeleP2(Clone),0.020000,0.030000,0.240470,63.653450,39.868810,271.031400
299,2026-08-29 17:31:59.534,109,KeleP2(Clone),0.020000,0.030000,0.250000,68.790890,39.459180,270.626000
300,2026-08-29 17:31:59.587,109,KeleP2(Clone),0.020000,0.030000,0.250000,77.806340,39.613610,270.699500
301,2026-08-29 17:31:59.639,109,KeleP2(Clone),0.030000,0.030000,0.250000,86.434870,44.222790,275.323600
302,2026-08-29 17:31:59.697,109,KeleP2(Clone),0.030000,0.030000,0.250000,86.620550,44.710030,275.807600
303,2026-08-29 17:31:59.751,109,KeleP2(Clone),0.030000,0.030000,0.250000,87.197670,46.683490,277.772800
304,2026-08-29 17:31:59.816,109,KeleP2(Clone),0.030000,0.030000,0.250000,83.363490,40.736410,271.776900
305,2026-08-29 17:31:59.869,109,KeleP2(Clone),0.030000,0.030000,0.250000,84.025640,41.288660,272.311800
