scheme,scene,link,metric,participants_n,median,q1,q3,minimum,maximum,sum
GC_filtered,supermarket,EyeTracking→PC,median_ms,10,2.3050000000,2.2650000000,2.3775000000,2.2400000000,2.4500000000,23.2300000000
GC_filtered,supermarket,EyeTracking→PC,p95_ms,10,3.7650000000,3.6375000000,3.9975000000,3.4600000000,6.5585000000,41.0985000000
GC_filtered,supermarket,EyeTracking→PC,p99_ms,10,5.6750000000,5.4271750000,7.4086750000,5.2000000000,26.4737000000,86.9752000000
GC_filtered,supermarket,EyeTracking→PC,max_ms,10,26.4450000000,17.2500000000,50.6725000000,15.0000000000,84.3200000000,363.6200000000
GC_filtered,supermarket,EyeTracking→PC,gt50_pct,10,0.0000000000,0.0000000000,0.0053527460,0.0000000000,0.8629478590,1.0096880865
GC_filtered,supermarket,EyeTracking→PC,retained_pct,10,96.7093764821,95.7417911482,97.7935126591,95.1394506383,98.4195553682,967.8352727537
GC_filtered,supermarket,EyeTracking→PC,gc_valid_excluded_n,10,940.5000000000,630.0000000000,1212.5000000000,450.0000000000,1381.0000000000,9166.0000000000
GC_filtered,supermarket,EyeTracking→PC,gc_window_all_n,10,940.5000000000,630.0000000000,1212.5000000000,450.0000000000,1381.0000000000,9166.0000000000
GC_filtered,supermarket,EyeTracking→PC,invalid_all_n,10,0.0000000000,0.0000000000,0.7500000000,0.0000000000,1.0000000000,3.0000000000
GC_retained,supermarket,EyeTracking→PC,median_ms,10,2.3150000000,2.2800000000,2.3875000000,2.2500000000,2.4600000000,23.3300000000
GC_retained,supermarket,EyeTracking→PC,p95_ms,10,4.2777500000,3.8911250000,4.4500000000,3.7400000000,11.4885000000,49.6425000000
GC_retained,supermarket,EyeTracking→PC,p99_ms,10,95.0860500000,34.8450500000,135.1687750000,8.6596000000,154.0458000000,854.1659000000
GC_retained,supermarket,EyeTracking→PC,max_ms,10,281.6200000000,275.3225000000,289.6025000000,265.1100000000,314.7100000000,2834.5100000000
GC_retained,supermarket,EyeTracking→PC,gt50_pct,10,1.3260590395,0.9465263618,1.9311941747,0.6672988445,2.3281053074,14.0725647569
GC_retained,supermarket,EyeTracking→PC,retained_pct,10,100.0000000000,99.9973657406,100.0000000000,99.9964829599,100.0000000000,999.9894561697
GC_retained,supermarket,EyeTracking→PC,gc_valid_excluded_n,10,0.0000000000,0.0000000000,0.0000000000,0.0000000000,0.0000000000,0.0000000000
GC_retained,supermarket,EyeTracking→PC,gc_window_all_n,10,940.5000000000,630.0000000000,1212.5000000000,450.0000000000,1381.0000000000,9166.0000000000
GC_retained,supermarket,EyeTracking→PC,invalid_all_n,10,0.0000000000,0.0000000000,0.7500000000,0.0000000000,1.0000000000,3.0000000000
GC_filtered,supermarket,MoCap→PC,median_ms,10,7.4800000000,6.8150000000,8.0450000000,6.5800000000,8.5900000000,74.6500000000
GC_filtered,supermarket,MoCap→PC,p95_ms,10,9.4050000000,8.7900000000,10.1600000000,8.3000000000,20.4800000000,104.2400000000
GC_filtered,supermarket,MoCap→PC,p99_ms,10,10.1400000000,9.5709000000,18.2452500000,8.8600000000,24.7400000000,135.6306000000
GC_filtered,supermarket,MoCap→PC,max_ms,10,27.5050000000,26.5975000000,33.0300000000,19.8300000000,41.2100000000,296.8000000000
GC_filtered,supermarket,MoCap→PC,gt50_pct,10,0.0000000000,0.0000000000,0.0000000000,0.0000000000,0.0000000000,0.0000000000
GC_filtered,supermarket,MoCap→PC,retained_pct,10,96.6951308599,95.7362161004,97.7744629708,95.1261064405,98.4475334290,967.7660313102
GC_filtered,supermarket,MoCap→PC,gc_valid_excluded_n,10,888.5000000000,598.5000000000,1151.0000000000,411.0000000000,1316.0000000000,8677.0000000000
GC_filtered,supermarket,MoCap→PC,gc_window_all_n,10,888.5000000000,598.5000000000,1151.0000000000,411.0000000000,1316.0000000000,8677.0000000000
GC_filtered,supermarket,MoCap→PC,invalid_all_n,10,0.0000000000,0.0000000000,0.0000000000,0.0000000000,0.0000000000,0.0000000000
GC_retained,supermarket,MoCap→PC,median_ms,10,7.5000000000,6.8300000000,8.0500000000,6.6100000000,8.6100000000,74.8400000000
GC_retained,supermarket,MoCap→PC,p95_ms,10,9.6300000000,8.9225000000,10.4075000000,8.4600000000,22.2500000000,108.3635000000
GC_retained,supermarket,MoCap→PC,p99_ms,10,106.7405000000,52.1244500000,150.0027000000,9.9054000000,165.2317000000,961.4012000000
GC_retained,supermarket,MoCap→PC,max_ms,10,288.8600000000,278.0400000000,298.3650000000,262.4200000000,328.9500000000,2912.9800000000
GC_retained,supermarket,MoCap→PC,gt50_pct,10,1.3874329023,1.0105256110,1.8402353908,0.6648032031,2.0851079590,13.8419509802
GC_retained,supermarket,MoCap→PC,retained_pct,10,100.0000000000,100.0000000000,100.0000000000,100.0000000000,100.0000000000,1000.0000000000
GC_retained,supermarket,MoCap→PC,gc_valid_excluded_n,10,0.0000000000,0.0000000000,0.0000000000,0.0000000000,0.0000000000,0.0000000000
GC_retained,supermarket,MoCap→PC,gc_window_all_n,10,888.5000000000,598.5000000000,1151.0000000000,411.0000000000,1316.0000000000,8677.0000000000
GC_retained,supermarket,MoCap→PC,invalid_all_n,10,0.0000000000,0.0000000000,0.0000000000,0.0000000000,0.0000000000,0.0000000000
GC_filtered,supermarket,MoCap→VR,median_ms,10,10.2750000000,9.8350000000,10.9025000000,9.3700000000,11.5800000000,103.9100000000
GC_filtered,supermarket,MoCap→VR,p95_ms,10,16.0900000000,14.2350000000,20.6685000000,12.4900000000,23.8500000000,173.5630000000
GC_filtered,supermarket,MoCap→VR,p99_ms,10,20.5050000000,19.6890000000,24.7925000000,17.7000000000,38.3126000000,234.6372000000
GC_filtered,supermarket,MoCap→VR,max_ms,10,40.8750000000,31.6650000000,48.6325000000,25.7300000000,167.8800000000,516.2600000000
GC_filtered,supermarket,MoCap→VR,gt50_pct,10,0.0000000000,0.0000000000,0.0027937123,0.0000000000,0.4557581147,0.4668932163
GC_filtered,supermarket,MoCap→VR,retained_pct,10,100.0000000000,100.0000000000,100.0000000000,100.0000000000,100.0000000000,1000.0000000000
GC_filtered,supermarket,MoCap→VR,gc_valid_excluded_n,10,0.0000000000,0.0000000000,0.0000000000,0.0000000000,0.0000000000,0.0000000000
GC_filtered,supermarket,MoCap→VR,gc_window_all_n,10,0.0000000000,0.0000000000,0.0000000000,0.0000000000,0.0000000000,0.0000000000
GC_filtered,supermarket,MoCap→VR,invalid_all_n,10,0.0000000000,0.0000000000,0.0000000000,0.0000000000,0.0000000000,0.0000000000
GC_retained,supermarket,MoCap→VR,median_ms,10,10.2750000000,9.8350000000,10.9025000000,9.3700000000,11.5800000000,103.9100000000
GC_retained,supermarket,MoCap→VR,p95_ms,10,16.0900000000,14.2350000000,20.6685000000,12.4900000000,23.8500000000,173.5630000000
GC_retained,supermarket,MoCap→VR,p99_ms,10,20.5050000000,19.6890000000,24.7925000000,17.7000000000,38.3126000000,234.6372000000
GC_retained,supermarket,MoCap→VR,max_ms,10,40.8750000000,31.6650000000,48.6325000000,25.7300000000,167.8800000000,516.2600000000
GC_retained,supermarket,MoCap→VR,gt50_pct,10,0.0000000000,0.0000000000,0.0027937123,0.0000000000,0.4557581147,0.4668932163
GC_retained,supermarket,MoCap→VR,retained_pct,10,100.0000000000,100.0000000000,100.0000000000,100.0000000000,100.0000000000,1000.0000000000
GC_retained,supermarket,MoCap→VR,gc_valid_excluded_n,10,0.0000000000,0.0000000000,0.0000000000,0.0000000000,0.0000000000,0.0000000000
GC_retained,supermarket,MoCap→VR,gc_window_all_n,10,0.0000000000,0.0000000000,0.0000000000,0.0000000000,0.0000000000,0.0000000000
GC_retained,supermarket,MoCap→VR,invalid_all_n,10,0.0000000000,0.0000000000,0.0000000000,0.0000000000,0.0000000000,0.0000000000
GC_filtered,supermarket,PC<->VR 状态同步,median_ms,10,31.3150000000,31.1625000000,31.7050000000,27.8500000000,31.8800000000,310.6000000000
GC_filtered,supermarket,PC<->VR 状态同步,p95_ms,10,37.1550000000,36.3225000000,37.4661250000,32.0800000000,38.9600000000,366.5110000000
GC_filtered,supermarket,PC<->VR 状态同步,p99_ms,10,40.4600000000,39.8699250000,41.1179000000,35.6524000000,43.4500000000,403.5239000000
GC_filtered,supermarket,PC<->VR 状态同步,max_ms,10,44.8750000000,44.1375000000,46.4225000000,40.0500000000,51.3600000000,453.1100000000
GC_filtered,supermarket,PC<->VR 状态同步,gt50_pct,10,0.0000000000,0.0000000000,0.0000000000,0.0000000000,0.0457875458,0.0457875458
GC_filtered,supermarket,PC<->VR 状态同步,retained_pct,10,100.0000000000,100.0000000000,100.0000000000,100.0000000000,100.0000000000,1000.0000000000
GC_filtered,supermarket,PC<->VR 状态同步,gc_valid_excluded_n,10,0.0000000000,0.0000000000,0.0000000000,0.0000000000,0.0000000000,0.0000000000
GC_filtered,supermarket,PC<->VR 状态同步,gc_window_all_n,10,0.0000000000,0.0000000000,0.0000000000,0.0000000000,0.0000000000,0.0000000000
GC_filtered,supermarket,PC<->VR 状态同步,invalid_all_n,10,0.0000000000,0.0000000000,0.0000000000,0.0000000000,0.0000000000,0.0000000000
GC_retained,supermarket,PC<->VR 状态同步,median_ms,10,31.3150000000,31.1625000000,31.7050000000,27.8500000000,31.8800000000,310.6000000000
GC_retained,supermarket,PC<->VR 状态同步,p95_ms,10,37.1550000000,36.3225000000,37.4661250000,32.0800000000,38.9600000000,366.5110000000
GC_retained,supermarket,PC<->VR 状态同步,p99_ms,10,40.4600000000,39.8699250000,41.1179000000,35.6524000000,43.4500000000,403.5239000000
GC_retained,supermarket,PC<->VR 状态同步,max_ms,10,44.8750000000,44.1375000000,46.4225000000,40.0500000000,51.3600000000,453.1100000000
GC_retained,supermarket,PC<->VR 状态同步,gt50_pct,10,0.0000000000,0.0000000000,0.0000000000,0.0000000000,0.0457875458,0.0457875458
GC_retained,supermarket,PC<->VR 状态同步,retained_pct,10,100.0000000000,100.0000000000,100.0000000000,100.0000000000,100.0000000000,1000.0000000000
GC_retained,supermarket,PC<->VR 状态同步,gc_valid_excluded_n,10,0.0000000000,0.0000000000,0.0000000000,0.0000000000,0.0000000000,0.0000000000
GC_retained,supermarket,PC<->VR 状态同步,gc_window_all_n,10,0.0000000000,0.0000000000,0.0000000000,0.0000000000,0.0000000000,0.0000000000
GC_retained,supermarket,PC<->VR 状态同步,invalid_all_n,10,0.0000000000,0.0000000000,0.0000000000,0.0000000000,0.0000000000,0.0000000000
GC_filtered,street,EyeTracking→PC,median_ms,10,2.3400000000,2.3000000000,2.3925000000,2.2600000000,2.5300000000,23.5200000000
GC_filtered,street,EyeTracking→PC,p95_ms,10,3.7050000000,3.5800000000,4.1650000000,3.5300000000,6.1620000000,41.2820000000
GC_filtered,street,EyeTracking→PC,p99_ms,10,5.8816500000,5.4650000000,6.4925000000,5.2600000000,24.6688000000,83.4046000000
GC_filtered,street,EyeTracking→PC,max_ms,10,34.3800000000,25.4050000000,71.1650000000,20.3800000000,133.2800000000,511.9200000000
GC_filtered,street,EyeTracking→PC,gt50_pct,10,0.0000000000,0.0000000000,0.1323512302,0.0000000000,0.7261746414,1.1281273377
GC_filtered,street,EyeTracking→PC,retained_pct,10,97.0355631094,96.2277072537,97.8324842777,95.1540012515,98.6003810844,969.7144311830
GC_filtered,street,EyeTracking→PC,gc_valid_excluded_n,10,854.5000000000,622.2500000000,1086.0000000000,404.0000000000,1394.0000000000,8694.0000000000
GC_filtered,street,EyeTracking→PC,gc_window_all_n,10,854.5000000000,622.2500000000,1086.0000000000,404.0000000000,1394.0000000000,8694.0000000000
GC_filtered,street,EyeTracking→PC,invalid_all_n,10,0.0000000000,0.0000000000,0.0000000000,0.0000000000,3.0000000000,4.0000000000
GC_retained,street,EyeTracking→PC,median_ms,10,2.3500000000,2.3025000000,2.4025000000,2.2700000000,2.5400000000,23.6200000000
GC_retained,street,EyeTracking→PC,p95_ms,10,4.0850000000,3.8775000000,4.5075000000,3.6100000000,9.4500000000,48.5545000000
GC_retained,street,EyeTracking→PC,p99_ms,10,88.6851000000,58.2156500000,108.4688250000,7.2208000000,145.5365000000,812.3528000000
GC_retained,street,EyeTracking→PC,max_ms,10,262.0000000000,254.2275000000,287.9650000000,241.0500000000,309.0100000000,2712.2900000000
GC_retained,street,EyeTracking→PC,gt50_pct,10,1.2720153552,1.0410065703,1.6410753431,0.6894162481,1.9189320726,13.1813456532
GC_retained,street,EyeTracking→PC,retained_pct,10,100.0000000000,100.0000000000,100.0000000000,99.9894425676,100.0000000000,999.9859767235
GC_retained,street,EyeTracking→PC,gc_valid_excluded_n,10,0.0000000000,0.0000000000,0.0000000000,0.0000000000,0.0000000000,0.0000000000
GC_retained,street,EyeTracking→PC,gc_window_all_n,10,854.5000000000,622.2500000000,1086.0000000000,404.0000000000,1394.0000000000,8694.0000000000
GC_retained,street,EyeTracking→PC,invalid_all_n,10,0.0000000000,0.0000000000,0.0000000000,0.0000000000,3.0000000000,4.0000000000
GC_filtered,street,MoCap→PC,median_ms,10,7.4725000000,7.2500000000,8.1225000000,6.5100000000,9.5900000000,76.8450000000
GC_filtered,street,MoCap→PC,p95_ms,10,9.4050000000,8.8550000000,9.8775000000,8.0100000000,11.2700000000,94.3600000000
GC_filtered,street,MoCap→PC,p99_ms,10,10.4672500000,9.9800000000,11.8030750000,8.5300000000,19.6419000000,115.0623000000
GC_filtered,street,MoCap→PC,max_ms,10,26.5700000000,24.8300000000,33.1225000000,22.8300000000,35.6300000000,285.1600000000
GC_filtered,street,MoCap→PC,gt50_pct,10,0.0000000000,0.0000000000,0.0000000000,0.0000000000,0.0000000000,0.0000000000
GC_filtered,street,MoCap→PC,retained_pct,10,97.0333333333,96.2387117060,97.8139447510,95.1433651923,98.5925617646,969.6514223990
GC_filtered,street,MoCap→PC,gc_valid_excluded_n,10,801.0000000000,590.2500000000,1015.0000000000,372.0000000000,1311.0000000000,8178.0000000000
GC_filtered,street,MoCap→PC,gc_window_all_n,10,801.0000000000,590.2500000000,1015.0000000000,372.0000000000,1311.0000000000,8178.0000000000
GC_filtered,street,MoCap→PC,invalid_all_n,10,0.0000000000,0.0000000000,0.0000000000,0.0000000000,0.0000000000,0.0000000000
GC_retained,street,MoCap→PC,median_ms,10,7.4900000000,7.2625000000,8.1350000000,6.5400000000,9.6100000000,77.0300000000
GC_retained,street,MoCap→PC,p95_ms,10,9.5650000000,9.0500000000,10.0275000000,8.2100000000,11.5100000000,96.2700000000
GC_retained,street,MoCap→PC,p99_ms,10,95.6681500000,44.3153000000,119.8266250000,9.7370000000,155.8828000000,874.1956000000
GC_retained,street,MoCap→PC,max_ms,10,268.1950000000,262.3575000000,303.7250000000,256.3900000000,318.1900000000,2813.9700000000
GC_retained,street,MoCap→PC,gt50_pct,10,1.2444444444,1.0018261326,1.5415844378,0.6167000870,2.0671260280,12.9330246539
GC_retained,street,MoCap→PC,retained_pct,10,100.0000000000,100.0000000000,100.0000000000,100.0000000000,100.0000000000,1000.0000000000
GC_retained,street,MoCap→PC,gc_valid_excluded_n,10,0.0000000000,0.0000000000,0.0000000000,0.0000000000,0.0000000000,0.0000000000
GC_retained,street,MoCap→PC,gc_window_all_n,10,801.0000000000,590.2500000000,1015.0000000000,372.0000000000,1311.0000000000,8178.0000000000
GC_retained,street,MoCap→PC,invalid_all_n,10,0.0000000000,0.0000000000,0.0000000000,0.0000000000,0.0000000000,0.0000000000
GC_filtered,street,MoCap→VR,median_ms,10,10.2950000000,10.1125000000,10.9900000000,9.4400000000,12.0200000000,105.1300000000
GC_filtered,street,MoCap→VR,p95_ms,10,15.8592500000,15.0475000000,16.6060000000,14.0380000000,21.3000000000,162.3075000000
GC_filtered,street,MoCap→VR,p99_ms,10,19.9761000000,18.4783000000,20.5403500000,18.0477000000,38.0188000000,215.4549000000
GC_filtered,street,MoCap→VR,max_ms,10,38.1400000000,30.4450000000,97.8725000000,25.2600000000,267.8000000000,738.8800000000
GC_filtered,street,MoCap→VR,gt50_pct,10,0.0000000000,0.0000000000,0.0250055568,0.0000000000,0.6335679881,0.7150693648
GC_filtered,street,MoCap→VR,retained_pct,10,100.0000000000,100.0000000000,100.0000000000,100.0000000000,100.0000000000,1000.0000000000
GC_filtered,street,MoCap→VR,gc_valid_excluded_n,10,0.0000000000,0.0000000000,0.0000000000,0.0000000000,0.0000000000,0.0000000000
GC_filtered,street,MoCap→VR,gc_window_all_n,10,0.0000000000,0.0000000000,0.0000000000,0.0000000000,0.0000000000,0.0000000000
GC_filtered,street,MoCap→VR,invalid_all_n,10,0.0000000000,0.0000000000,0.0000000000,0.0000000000,0.0000000000,0.0000000000
GC_retained,street,MoCap→VR,median_ms,10,10.2950000000,10.1125000000,10.9900000000,9.4400000000,12.0200000000,105.1300000000
GC_retained,street,MoCap→VR,p95_ms,10,15.8592500000,15.0475000000,16.6060000000,14.0380000000,21.3000000000,162.3075000000
GC_retained,street,MoCap→VR,p99_ms,10,19.9761000000,18.4783000000,20.5403500000,18.0477000000,38.0188000000,215.4549000000
GC_retained,street,MoCap→VR,max_ms,10,38.1400000000,30.4450000000,97.8725000000,25.2600000000,267.8000000000,738.8800000000
GC_retained,street,MoCap→VR,gt50_pct,10,0.0000000000,0.0000000000,0.0250055568,0.0000000000,0.6335679881,0.7150693648
GC_retained,street,MoCap→VR,retained_pct,10,100.0000000000,100.0000000000,100.0000000000,100.0000000000,100.0000000000,1000.0000000000
GC_retained,street,MoCap→VR,gc_valid_excluded_n,10,0.0000000000,0.0000000000,0.0000000000,0.0000000000,0.0000000000,0.0000000000
GC_retained,street,MoCap→VR,gc_window_all_n,10,0.0000000000,0.0000000000,0.0000000000,0.0000000000,0.0000000000,0.0000000000
GC_retained,street,MoCap→VR,invalid_all_n,10,0.0000000000,0.0000000000,0.0000000000,0.0000000000,0.0000000000,0.0000000000
GC_filtered,street,PC<->VR 状态同步,median_ms,10,29.8650000000,29.1900000000,31.2525000000,27.4800000000,32.4300000000,299.6900000000
GC_filtered,street,PC<->VR 状态同步,p95_ms,10,36.5550000000,35.2025000000,38.1225000000,33.6800000000,42.2100000000,368.6970000000
GC_filtered,street,PC<->VR 状态同步,p99_ms,10,39.3405000000,37.6432250000,42.5475000000,35.5100000000,45.4800000000,401.4439000000
GC_filtered,street,PC<->VR 状态同步,max_ms,10,42.8300000000,41.1950000000,47.1375000000,40.1400000000,56.4300000000,453.8400000000
GC_filtered,street,PC<->VR 状态同步,gt50_pct,10,0.0000000000,0.0000000000,0.0000000000,0.0000000000,0.5026006662,0.8456239221
GC_filtered,street,PC<->VR 状态同步,retained_pct,10,100.0000000000,100.0000000000,100.0000000000,100.0000000000,100.0000000000,1000.0000000000
GC_filtered,street,PC<->VR 状态同步,gc_valid_excluded_n,10,0.0000000000,0.0000000000,0.0000000000,0.0000000000,0.0000000000,0.0000000000
GC_filtered,street,PC<->VR 状态同步,gc_window_all_n,10,0.0000000000,0.0000000000,0.0000000000,0.0000000000,0.0000000000,0.0000000000
GC_filtered,street,PC<->VR 状态同步,invalid_all_n,10,0.0000000000,0.0000000000,0.0000000000,0.0000000000,0.0000000000,0.0000000000
GC_retained,street,PC<->VR 状态同步,median_ms,10,29.8650000000,29.1900000000,31.2525000000,27.4800000000,32.4300000000,299.6900000000
GC_retained,street,PC<->VR 状态同步,p95_ms,10,36.5550000000,35.2025000000,38.1225000000,33.6800000000,42.2100000000,368.6970000000
GC_retained,street,PC<->VR 状态同步,p99_ms,10,39.3405000000,37.6432250000,42.5475000000,35.5100000000,45.4800000000,401.4439000000
GC_retained,street,PC<->VR 状态同步,max_ms,10,42.8300000000,41.1950000000,47.1375000000,40.1400000000,56.4300000000,453.8400000000
GC_retained,street,PC<->VR 状态同步,gt50_pct,10,0.0000000000,0.0000000000,0.0000000000,0.0000000000,0.5026006662,0.8456239221
GC_retained,street,PC<->VR 状态同步,retained_pct,10,100.0000000000,100.0000000000,100.0000000000,100.0000000000,100.0000000000,1000.0000000000
GC_retained,street,PC<->VR 状态同步,gc_valid_excluded_n,10,0.0000000000,0.0000000000,0.0000000000,0.0000000000,0.0000000000,0.0000000000
GC_retained,street,PC<->VR 状态同步,gc_window_all_n,10,0.0000000000,0.0000000000,0.0000000000,0.0000000000,0.0000000000,0.0000000000
GC_retained,street,PC<->VR 状态同步,invalid_all_n,10,0.0000000000,0.0000000000,0.0000000000,0.0000000000,0.0000000000,0.0000000000
