participant,scene,link,scheme,gc_source,window_samples_n,invalid_all_n,negative_n,missing_latency_n,over_10000_n,gc_window_all_n,invalid_gc_overlap_n,gc_valid_excluded_n,invalid_excluded_after_gc_n,retained_pct,valid_n,median_ms,mean_ms,p95_ms,p99_ms,max_ms,gt50_n,gt50_pct,max_gap_ms,nominal_rate_hz
P1,supermarket,EyeTracking→PC,GC_filtered,cross_link_heuristic,28433,1,1,0,0,1381,0,1381,1,95.1394506383,27051,2.2500000000,2.3617418949,3.5700000000,5.5150000000,16.1700000000,0,0.0000000000,546.0000000000,90.1700000000
P1,supermarket,EyeTracking→PC,GC_retained,cross_link_heuristic,28433,1,1,0,0,1381,0,0,1,99.9964829599,28432,2.2600000000,5.2939603264,4.0745000000,144.8357000000,282.8200000000,546,1.9203714125,291.0000000000,94.7733333333
P1,supermarket,MoCap→PC,GC_filtered,cross_link_heuristic,27001,0,0,0,0,1316,0,1316,0,95.1261064405,25685,6.6900000000,8.3165041853,20.4800000000,24.7400000000,35.0200000000,0,0.0000000000,564.0000000000,85.6166666667
P1,supermarket,MoCap→PC,GC_retained,cross_link_heuristic,27001,0,0,0,0,1316,0,0,0,100.0000000000,27001,6.7300000000,11.4565338321,22.2500000000,159.9500000000,318.6000000000,563,2.0851079590,311.0000000000,90.0033333333
P1,supermarket,MoCap→VR,GC_filtered,cross_link_heuristic,26990,0,0,0,0,0,0,0,0,100.0000000000,26990,9.7400000000,11.8491063357,23.8500000000,29.8111000000,41.8900000000,0,0.0000000000,43.0000000000,89.9666666667
P1,supermarket,MoCap→VR,GC_retained,cross_link_heuristic,26990,0,0,0,0,0,0,0,0,100.0000000000,26990,9.7400000000,11.8491063357,23.8500000000,29.8111000000,41.8900000000,0,0.0000000000,43.0000000000,89.9666666667
P1,supermarket,PC<->VR 状态同步,GC_filtered,cross_link_heuristic,15666,0,0,0,0,0,0,0,0,100.0000000000,15666,31.8800000000,32.0707870548,37.0700000000,42.2400000000,46.5300000000,0,0.0000000000,319.0000000000,52.2200000000
P1,supermarket,PC<->VR 状态同步,GC_retained,cross_link_heuristic,15666,0,0,0,0,0,0,0,0,100.0000000000,15666,31.8800000000,32.0707870548,37.0700000000,42.2400000000,46.5300000000,0,0.0000000000,319.0000000000,52.2200000000
P1,street,EyeTracking→PC,GC_filtered,cross_link_heuristic,28766,0,0,0,0,1394,0,1394,0,95.1540012515,27372,2.3600000000,2.4751691510,3.7200000000,5.8800000000,22.0400000000,0,0.0000000000,525.0000000000,91.2400000000
P1,street,EyeTracking→PC,GC_retained,cross_link_heuristic,28766,0,0,0,0,1394,0,0,0,100.0000000000,28766,2.3700000000,5.4101720781,4.2600000000,145.5365000000,257.4600000000,552,1.9189320726,264.0000000000,95.8866666667
P1,street,MoCap→PC,GC_filtered,cross_link_heuristic,26994,0,0,0,0,1311,0,1311,0,95.1433651923,25683,6.8600000000,6.9510606238,8.5700000000,13.8018000000,26.9900000000,0,0.0000000000,523.0000000000,85.6100000000
P1,street,MoCap→PC,GC_retained,cross_link_heuristic,26994,0,0,0,0,1311,0,0,0,100.0000000000,26994,6.8900000000,10.0660142995,8.9400000000,155.8828000000,262.8900000000,558,2.0671260280,267.0000000000,89.9800000000
P1,street,MoCap→VR,GC_filtered,cross_link_heuristic,26985,0,0,0,0,0,0,0,0,100.0000000000,26985,9.4400000000,9.7958847508,14.0380000000,18.2300000000,26.5000000000,0,0.0000000000,68.0000000000,89.9500000000
P1,street,MoCap→VR,GC_retained,cross_link_heuristic,26985,0,0,0,0,0,0,0,0,100.0000000000,26985,9.4400000000,9.7958847508,14.0380000000,18.2300000000,26.5000000000,0,0.0000000000,68.0000000000,89.9500000000
P1,street,PC<->VR 状态同步,GC_filtered,cross_link_heuristic,17200,0,0,0,0,0,0,0,0,100.0000000000,17200,29.1800000000,30.0489622093,37.2900000000,43.0400000000,56.1400000000,59,0.3430232558,524.0000000000,57.3333333333
P1,street,PC<->VR 状态同步,GC_retained,cross_link_heuristic,17200,0,0,0,0,0,0,0,0,100.0000000000,17200,29.1800000000,30.0489622093,37.2900000000,43.0400000000,56.1400000000,59,0.3430232558,524.0000000000,57.3333333333
P2,supermarket,EyeTracking→PC,GC_filtered,cross_link_heuristic,28745,0,0,0,0,1009,0,1009,0,96.4898243173,27736,2.2400000000,2.3325933804,3.4600000000,5.2000000000,16.9700000000,0,0.0000000000,544.0000000000,92.4533333333
P2,supermarket,EyeTracking→PC,GC_retained,cross_link_heuristic,28745,0,0,0,0,1009,0,0,0,100.0000000000,28745,2.2500000000,4.4916155853,3.7400000000,106.1680000000,279.6500000000,406,1.4124195512,288.0000000000,95.8166666667
P2,supermarket,MoCap→PC,GC_filtered,cross_link_heuristic,26997,0,0,0,0,952,0,952,0,96.4736822610,26045,6.7300000000,6.7495319639,8.3000000000,8.8600000000,19.8300000000,0,0.0000000000,546.0000000000,86.8166666667
P2,supermarket,MoCap→PC,GC_retained,cross_link_heuristic,26997,0,0,0,0,952,0,0,0,100.0000000000,26997,6.7500000000,9.0744601252,8.4600000000,121.8036000000,285.0900000000,412,1.5260954921,291.0000000000,89.9900000000
P2,supermarket,MoCap→VR,GC_filtered,cross_link_heuristic,26994,0,0,0,0,0,0,0,0,100.0000000000,26994,9.4800000000,9.7638430762,12.4900000000,17.7000000000,40.8200000000,0,0.0000000000,41.0000000000,89.9800000000
P2,supermarket,MoCap→VR,GC_retained,cross_link_heuristic,26994,0,0,0,0,0,0,0,0,100.0000000000,26994,9.4800000000,9.7638430762,12.4900000000,17.7000000000,40.8200000000,0,0.0000000000,41.0000000000,89.9800000000
P2,supermarket,PC<->VR 状态同步,GC_filtered,cross_link_heuristic,17189,0,0,0,0,0,0,0,0,100.0000000000,17189,27.8500000000,28.1322223515,32.0800000000,35.6524000000,40.0500000000,0,0.0000000000,296.0000000000,57.2966666667
P2,supermarket,PC<->VR 状态同步,GC_retained,cross_link_heuristic,17189,0,0,0,0,0,0,0,0,100.0000000000,17189,27.8500000000,28.1322223515,32.0800000000,35.6524000000,40.0500000000,0,0.0000000000,296.0000000000,57.2966666667
P2,street,EyeTracking→PC,GC_filtered,cross_link_heuristic,28416,3,3,0,0,1186,0,1186,3,95.8157376126,27227,2.2700000000,2.3918485327,3.6900000000,5.5100000000,24.0400000000,0,0.0000000000,522.0000000000,90.7566666667
P2,street,EyeTracking→PC,GC_retained,cross_link_heuristic,28416,3,3,0,0,1186,0,0,3,99.9894425676,28413,2.2900000000,4.8950783092,4.0900000000,127.4600000000,253.1500000000,469,1.6506528702,260.0000000000,94.7100000000
P2,street,MoCap→PC,GC_filtered,cross_link_heuristic,27000,0,0,0,0,1129,0,1129,0,95.8185185185,25871,6.5100000000,6.5316331027,8.0100000000,8.5300000000,23.5900000000,0,0.0000000000,523.0000000000,86.2366666667
P2,street,MoCap→PC,GC_retained,cross_link_heuristic,27000,0,0,0,0,1129,0,0,0,100.0000000000,27000,6.5400000000,9.2114881481,8.2100000000,140.6028000000,262.1800000000,479,1.7740740741,268.0000000000,90.0000000000
P2,street,MoCap→VR,GC_filtered,cross_link_heuristic,26994,0,0,0,0,0,0,0,0,100.0000000000,26994,9.4400000000,9.9516585167,14.0570000000,20.0100000000,123.4100000000,9,0.0333407424,125.0000000000,89.9800000000
P2,street,MoCap→VR,GC_retained,cross_link_heuristic,26994,0,0,0,0,0,0,0,0,100.0000000000,26994,9.4400000000,9.9516585167,14.0570000000,20.0100000000,123.4100000000,9,0.0333407424,125.0000000000,89.9800000000
P2,street,PC<->VR 状态同步,GC_filtered,cross_link_heuristic,17259,0,0,0,0,0,0,0,0,100.0000000000,17259,30.3900000000,30.9705817255,37.0400000000,39.8710000000,44.1100000000,0,0.0000000000,274.0000000000,57.5300000000
P2,street,PC<->VR 状态同步,GC_retained,cross_link_heuristic,17259,0,0,0,0,0,0,0,0,100.0000000000,17259,30.3900000000,30.9705817255,37.0400000000,39.8710000000,44.1100000000,0,0.0000000000,274.0000000000,57.5300000000
P3,supermarket,EyeTracking→PC,GC_filtered,cross_link_heuristic,28564,0,0,0,0,1100,0,1100,0,96.1489987397,27464,2.4500000000,3.5952912904,6.5585000000,26.4737000000,84.3200000000,237,0.8629478590,578.0000000000,91.5466666667
P3,supermarket,EyeTracking→PC,GC_retained,cross_link_heuristic,28564,0,0,0,0,1100,0,0,0,100.0000000000,28564,2.4600000000,5.6478038790,11.4885000000,101.0351000000,286.5500000000,665,2.3281053074,269.0000000000,95.2133333333
P3,supermarket,MoCap→PC,GC_filtered,cross_link_heuristic,27001,0,0,0,0,1037,0,1037,0,96.1594015036,25964,8.1900000000,8.1553296873,9.7400000000,10.5600000000,33.0300000000,0,0.0000000000,524.0000000000,86.5466666667
P3,supermarket,MoCap→PC,GC_retained,cross_link_heuristic,27001,0,0,0,0,1037,0,0,0,100.0000000000,27001,8.2100000000,10.2017647495,9.9500000000,109.9100000000,262.4200000000,392,1.4517980816,268.0000000000,90.0033333333
P3,supermarket,MoCap→VR,GC_filtered,cross_link_heuristic,26988,0,0,0,0,0,0,0,0,100.0000000000,26988,11.5800000000,13.1686916407,22.6000000000,38.3126000000,167.8800000000,123,0.4557581147,101.0000000000,89.9600000000
P3,supermarket,MoCap→VR,GC_retained,cross_link_heuristic,26988,0,0,0,0,0,0,0,0,100.0000000000,26988,11.5800000000,13.1686916407,22.6000000000,38.3126000000,167.8800000000,123,0.4557581147,101.0000000000,89.9600000000
P3,supermarket,PC<->VR 状态同步,GC_filtered,cross_link_heuristic,17158,0,0,0,0,0,0,0,0,100.0000000000,17158,31.4300000000,31.8924186968,37.4815000000,41.0816000000,45.2500000000,0,0.0000000000,2237.0000000000,57.1933333333
P3,supermarket,PC<->VR 状态同步,GC_retained,cross_link_heuristic,17158,0,0,0,0,0,0,0,0,100.0000000000,17158,31.4300000000,31.8924186968,37.4815000000,41.0816000000,45.2500000000,0,0.0000000000,2237.0000000000,57.1933333333
P3,street,EyeTracking→PC,GC_filtered,direct_log,28732,0,0,0,0,915,0,915,0,96.8153974662,27817,2.5300000000,3.6558679944,6.1620000000,24.6688000000,133.2800000000,202,0.7261746414,520.0000000000,92.7233333333
P3,street,EyeTracking→PC,GC_retained,direct_log,28732,0,0,0,0,915,0,0,0,100.0000000000,28732,2.5400000000,5.3110977308,9.4500000000,94.7150000000,241.0500000000,536,1.8655158012,248.0000000000,95.7733333333
P3,street,MoCap→PC,GC_filtered,direct_log,27000,0,0,0,0,858,0,858,0,96.8222222222,26142,8.4100000000,8.4249430036,9.9300000000,10.6000000000,35.6300000000,0,0.0000000000,522.0000000000,87.1400000000
P3,street,MoCap→PC,GC_retained,direct_log,27000,0,0,0,0,858,0,0,0,100.0000000000,27000,8.4200000000,10.1965859259,10.0700000000,88.0712000000,256.3900000000,336,1.2444444444,258.0000000000,90.0000000000
P3,street,MoCap→VR,GC_filtered,direct_log,26990,0,0,0,0,0,0,0,0,100.0000000000,26990,11.6900000000,13.3479392368,21.3000000000,38.0188000000,267.8000000000,171,0.6335679881,267.0000000000,89.9666666667
P3,street,MoCap→VR,GC_retained,direct_log,26990,0,0,0,0,0,0,0,0,100.0000000000,26990,11.6900000000,13.3479392368,21.3000000000,38.0188000000,267.8000000000,171,0.6335679881,267.0000000000,89.9666666667
P3,street,PC<->VR 状态同步,GC_filtered,direct_log,17111,0,0,0,0,0,0,0,0,100.0000000000,17111,31.5400000000,32.0524124832,39.0000000000,45.4800000000,56.4300000000,86,0.5026006662,268.0000000000,57.0366666667
P3,street,PC<->VR 状态同步,GC_retained,direct_log,17111,0,0,0,0,0,0,0,0,100.0000000000,17111,31.5400000000,32.0524124832,39.0000000000,45.4800000000,56.4300000000,86,0.5026006662,268.0000000000,57.0366666667
P4,supermarket,EyeTracking→PC,GC_filtered,direct_log,28471,1,1,0,0,1250,0,1250,1,95.6060552843,27220,2.3700000000,2.5616550331,3.7100000000,5.7000000000,69.1500000000,38,0.1396032329,567.0000000000,90.7333333333
P4,supermarket,EyeTracking→PC,GC_retained,direct_log,28471,1,1,0,0,1250,0,0,1,99.9964876541,28470,2.3900000000,5.5338535300,4.2855000000,150.4257000000,290.9100000000,556,1.9529329118,299.0000000000,94.9000000000
P4,supermarket,MoCap→PC,GC_filtered,direct_log,26993,0,0,0,0,1189,0,1189,0,95.5951542993,25804,6.5800000000,6.6650201519,8.4200000000,9.4900000000,27.4800000000,0,0.0000000000,567.0000000000,86.0133333333
P4,supermarket,MoCap→PC,GC_retained,direct_log,26993,0,0,0,0,1189,0,0,0,100.0000000000,26993,6.6100000000,9.8025013892,8.8000000000,159.4024000000,294.9600000000,525,1.9449486904,298.0000000000,89.9766666667
P4,supermarket,MoCap→VR,GC_filtered,direct_log,26991,0,0,0,0,0,0,0,0,100.0000000000,26991,9.3700000000,9.8121773925,13.1850000000,19.5320000000,25.8800000000,0,0.0000000000,32.0000000000,89.9700000000
P4,supermarket,MoCap→VR,GC_retained,direct_log,26991,0,0,0,0,0,0,0,0,100.0000000000,26991,9.3700000000,9.8121773925,13.1850000000,19.5320000000,25.8800000000,0,0.0000000000,32.0000000000,89.9700000000
P4,supermarket,PC<->VR 状态同步,GC_filtered,direct_log,16034,0,0,0,0,0,0,0,0,100.0000000000,16034,31.6900000000,32.2396189348,38.9600000000,43.4500000000,47.8500000000,0,0.0000000000,314.0000000000,53.4466666667
P4,supermarket,PC<->VR 状态同步,GC_retained,direct_log,16034,0,0,0,0,0,0,0,0,100.0000000000,16034,31.6900000000,32.2396189348,38.9600000000,43.4500000000,47.8500000000,0,0.0000000000,314.0000000000,53.4466666667
P4,street,EyeTracking→PC,GC_filtered,direct_log,28933,0,0,0,0,794,0,794,0,97.2557287526,28139,2.2600000000,2.3519488965,3.5300000000,5.3262000000,29.9100000000,0,0.0000000000,669.0000000000,93.7966666667
P4,street,EyeTracking→PC,GC_retained,direct_log,28933,0,0,0,0,794,0,0,0,100.0000000000,28933,2.2700000000,4.2964300280,3.8200000000,81.0200000000,308.5900000000,333,1.1509349186,318.0000000000,96.4433333333
P4,street,MoCap→PC,GC_filtered,direct_log,27000,0,0,0,0,744,0,744,0,97.2444444444,26256,7.5600000000,7.6118464351,9.7200000000,10.5645000000,33.0100000000,0,0.0000000000,689.0000000000,87.5200000000
P4,street,MoCap→PC,GC_retained,direct_log,27000,0,0,0,0,744,0,0,0,100.0000000000,27000,7.5800000000,9.6568888889,9.9000000000,94.0267000000,317.6200000000,332,1.2296296296,319.0000000000,90.0000000000
P4,street,MoCap→VR,GC_filtered,direct_log,26992,0,0,0,0,0,0,0,0,100.0000000000,26992,10.2900000000,10.7021836100,15.8400000000,18.3200000000,25.2600000000,0,0.0000000000,28.0000000000,89.9733333333
P4,street,MoCap→VR,GC_retained,direct_log,26992,0,0,0,0,0,0,0,0,100.0000000000,26992,10.2900000000,10.7021836100,15.8400000000,18.3200000000,25.2600000000,0,0.0000000000,28.0000000000,89.9733333333
P4,street,PC<->VR 状态同步,GC_filtered,direct_log,16707,0,0,0,0,0,0,0,0,100.0000000000,16707,27.4800000000,28.3699437362,34.1370000000,37.4600000000,40.6000000000,0,0.0000000000,551.0000000000,55.6900000000
P4,street,PC<->VR 状态同步,GC_retained,direct_log,16707,0,0,0,0,0,0,0,0,100.0000000000,16707,27.4800000000,28.3699437362,34.1370000000,37.4600000000,40.6000000000,0,0.0000000000,551.0000000000,55.6900000000
P5,supermarket,EyeTracking→PC,GC_filtered,direct_log,28375,0,0,0,0,1333,0,1333,0,95.3022026432,27042,2.2600000000,2.3910372753,3.8200000000,5.6500000000,35.2000000000,0,0.0000000000,554.0000000000,90.1400000000
P5,supermarket,EyeTracking→PC,GC_retained,direct_log,28375,0,0,0,0,1333,0,0,0,100.0000000000,28375,2.2800000000,5.5230096916,4.4900000000,154.0458000000,280.4200000000,549,1.9348017621,288.0000000000,94.5833333333
P5,supermarket,MoCap→PC,GC_filtered,direct_log,27000,0,0,0,0,1278,0,1278,0,95.2666666667,25722,7.4500000000,7.4703254024,9.2900000000,9.9900000000,41.2100000000,0,0.0000000000,557.0000000000,85.7400000000
P5,supermarket,MoCap→PC,GC_retained,direct_log,27000,0,0,0,0,1278,0,0,0,100.0000000000,27000,7.4800000000,10.7681362963,9.6100000000,165.2317000000,292.6300000000,559,2.0703703704,296.0000000000,90.0000000000
P5,supermarket,MoCap→VR,GC_filtered,direct_log,26990,0,0,0,0,0,0,0,0,100.0000000000,26990,10.1900000000,10.5762445350,14.1400000000,20.3200000000,53.2100000000,2,0.0074101519,54.0000000000,89.9666666667
P5,supermarket,MoCap→VR,GC_retained,direct_log,26990,0,0,0,0,0,0,0,0,100.0000000000,26990,10.1900000000,10.5762445350,14.1400000000,20.3200000000,53.2100000000,2,0.0074101519,54.0000000000,89.9666666667
P5,supermarket,PC<->VR 状态同步,GC_filtered,direct_log,15948,0,0,0,0,0,0,0,0,100.0000000000,15948,31.2000000000,32.0088268121,37.9300000000,40.6300000000,44.5000000000,0,0.0000000000,1622.0000000000,53.1600000000
P5,supermarket,PC<->VR 状态同步,GC_retained,direct_log,15948,0,0,0,0,0,0,0,0,100.0000000000,15948,31.2000000000,32.0088268121,37.9300000000,40.6300000000,44.5000000000,0,0.0000000000,1622.0000000000,53.1600000000
P5,street,EyeTracking→PC,GC_filtered,direct_log,28778,0,0,0,0,1110,0,1110,0,96.1428869275,27668,2.3200000000,2.5035369380,3.5800000000,5.8833000000,71.2000000000,41,0.1481856296,523.0000000000,92.2266666667
P5,street,EyeTracking→PC,GC_retained,direct_log,28778,0,0,0,0,1110,0,0,0,100.0000000000,28778,2.3300000000,4.6675112933,4.0500000000,109.8711000000,251.1700000000,464,1.6123427618,258.0000000000,95.9266666667
P5,street,MoCap→PC,GC_filtered,direct_log,26996,0,0,0,0,1036,0,1036,0,96.1623944288,25960,9.5900000000,9.6366960709,11.2700000000,12.2041000000,33.1600000000,0,0.0000000000,523.0000000000,86.5333333333
P5,street,MoCap→PC,GC_retained,direct_log,26996,0,0,0,0,1036,0,0,0,100.0000000000,26996,9.6100000000,11.8875259298,11.5100000000,121.5605000000,263.2600000000,422,1.5631945473,263.0000000000,89.9866666667
P5,street,MoCap→VR,GC_filtered,direct_log,26987,0,0,0,0,0,0,0,0,100.0000000000,26987,12.0200000000,12.3288235076,15.3100000000,20.1814000000,29.4500000000,0,0.0000000000,30.0000000000,89.9566666667
P5,street,MoCap→VR,GC_retained,direct_log,26987,0,0,0,0,0,0,0,0,100.0000000000,26987,12.0200000000,12.3288235076,15.3100000000,20.1814000000,29.4500000000,0,0.0000000000,30.0000000000,89.9566666667
P5,street,PC<->VR 状态同步,GC_filtered,direct_log,16758,0,0,0,0,0,0,0,0,100.0000000000,16758,30.2500000000,30.4462728249,35.9000000000,37.8929000000,41.0900000000,0,0.0000000000,287.0000000000,55.8600000000
P5,street,PC<->VR 状态同步,GC_retained,direct_log,16758,0,0,0,0,0,0,0,0,100.0000000000,16758,30.2500000000,30.4462728249,35.9000000000,37.8929000000,41.0900000000,0,0.0000000000,287.0000000000,55.8600000000
P6,supermarket,EyeTracking→PC,GC_filtered,direct_log,28782,0,0,0,0,663,0,663,0,97.6964769648,28119,2.3900000000,2.5253181123,4.0000000000,5.9200000000,27.6400000000,0,0.0000000000,561.0000000000,93.7300000000
P6,supermarket,EyeTracking→PC,GC_retained,direct_log,28782,0,0,0,0,663,0,0,0,100.0000000000,28782,2.4000000000,4.1535515253,4.2700000000,44.5412000000,290.6200000000,283,0.9832534223,299.0000000000,95.9400000000
P6,supermarket,MoCap→PC,GC_filtered,direct_log,26999,0,0,0,0,624,0,624,0,97.6888032890,26375,7.6700000000,7.6947048341,9.5200000000,10.2900000000,33.0300000000,0,0.0000000000,566.0000000000,87.9166666667
P6,supermarket,MoCap→PC,GC_retained,direct_log,26999,0,0,0,0,624,0,0,0,100.0000000000,26999,7.6900000000,9.3897411015,9.6500000000,58.1636000000,299.5000000000,280,1.0370754472,303.0000000000,89.9966666667
P6,supermarket,MoCap→VR,GC_filtered,direct_log,26986,0,0,0,0,0,0,0,0,100.0000000000,26986,10.5500000000,10.9955899355,16.4500000000,18.9215000000,25.7300000000,0,0.0000000000,27.0000000000,89.9533333333
P6,supermarket,MoCap→VR,GC_retained,direct_log,26986,0,0,0,0,0,0,0,0,100.0000000000,26986,10.5500000000,10.9955899355,16.4500000000,18.9215000000,25.7300000000,0,0.0000000000,27.0000000000,89.9533333333
P6,supermarket,PC<->VR 状态同步,GC_filtered,direct_log,16159,0,0,0,0,0,0,0,0,100.0000000000,16159,31.7100000000,31.8789597129,37.2400000000,41.1300000000,44.4900000000,0,0.0000000000,313.0000000000,53.8633333333
P6,supermarket,PC<->VR 状态同步,GC_retained,direct_log,16159,0,0,0,0,0,0,0,0,100.0000000000,16159,31.7100000000,31.8789597129,37.2400000000,41.1300000000,44.4900000000,0,0.0000000000,313.0000000000,53.8633333333
P6,street,EyeTracking→PC,GC_filtered,direct_log,28338,0,0,0,0,761,0,761,0,97.3145599548,27577,2.4100000000,2.5882380244,4.2500000000,6.5500000000,29.5000000000,0,0.0000000000,563.0000000000,91.9233333333
P6,street,EyeTracking→PC,GC_retained,direct_log,28338,0,0,0,0,761,0,0,0,100.0000000000,28338,2.4200000000,4.5608137483,4.5900000000,82.6552000000,292.0000000000,331,1.1680429106,301.0000000000,94.4600000000
P6,street,MoCap→PC,GC_filtered,direct_log,27000,0,0,0,0,732,0,732,0,97.2888888889,26268,7.3700000000,7.4300768996,9.5000000000,10.3700000000,33.3200000000,0,0.0000000000,579.0000000000,87.5600000000
P6,street,MoCap→PC,GC_retained,direct_log,27000,0,0,0,0,732,0,0,0,100.0000000000,27000,7.3900000000,9.5149640741,9.7000000000,97.3096000000,307.7400000000,336,1.2444444444,310.0000000000,90.0000000000
P6,street,MoCap→VR,GC_filtered,direct_log,26990,0,0,0,0,0,0,0,0,100.0000000000,26990,10.3000000000,10.7308599481,14.9600000000,20.6600000000,39.3800000000,0,0.0000000000,37.0000000000,89.9666666667
P6,street,MoCap→VR,GC_retained,direct_log,26990,0,0,0,0,0,0,0,0,100.0000000000,26990,10.3000000000,10.7308599481,14.9600000000,20.6600000000,39.3800000000,0,0.0000000000,37.0000000000,89.9666666667
P6,street,PC<->VR 状态同步,GC_filtered,direct_log,16307,0,0,0,0,0,0,0,0,100.0000000000,16307,31.6900000000,32.5028527626,38.4000000000,41.0700000000,44.1300000000,0,0.0000000000,323.0000000000,54.3566666667
P6,street,PC<->VR 状态同步,GC_retained,direct_log,16307,0,0,0,0,0,0,0,0,100.0000000000,16307,31.6900000000,32.5028527626,38.4000000000,41.0700000000,44.1300000000,0,0.0000000000,323.0000000000,54.3566666667
P7,supermarket,EyeTracking→PC,GC_filtered,direct_log,28471,0,0,0,0,619,0,619,0,97.8258578905,27852,2.2800000000,2.4828525779,3.9900000000,7.9049000000,25.2500000000,0,0.0000000000,586.0000000000,92.8400000000
P7,supermarket,EyeTracking→PC,GC_retained,direct_log,28471,0,0,0,0,619,0,0,0,100.0000000000,28471,2.2800000000,4.0488844789,4.3300000000,31.6130000000,314.7100000000,266,0.9342840083,323.0000000000,94.9033333333
P7,supermarket,MoCap→PC,GC_filtered,direct_log,26855,0,0,0,0,590,0,590,0,97.8030161981,26265,7.5100000000,7.4975842376,9.1800000000,9.8136000000,26.5500000000,0,0.0000000000,1589.0000000000,87.5500000000
P7,supermarket,MoCap→PC,GC_retained,direct_log,26855,0,0,0,0,590,0,0,0,100.0000000000,26855,7.5200000000,9.1709380004,9.2900000000,50.1114000000,328.9500000000,269,1.0016756656,1589.0000000000,89.5166666667
P7,supermarket,MoCap→VR,GC_filtered,direct_log,26846,0,0,0,0,0,0,0,0,100.0000000000,26846,10.3600000000,10.8105211205,15.7300000000,20.6900000000,50.8800000000,1,0.0037249497,1588.0000000000,89.4866666667
P7,supermarket,MoCap→VR,GC_retained,direct_log,26846,0,0,0,0,0,0,0,0,100.0000000000,26846,10.3600000000,10.8105211205,15.7300000000,20.6900000000,50.8800000000,1,0.0037249497,1588.0000000000,89.4866666667
P7,supermarket,PC<->VR 状态同步,GC_filtered,direct_log,15288,0,0,0,0,0,0,0,0,100.0000000000,15288,31.2000000000,31.6925883046,37.4200000000,40.2900000000,51.3600000000,7,0.0457875458,348.0000000000,50.9600000000
P7,supermarket,PC<->VR 状态同步,GC_retained,direct_log,15288,0,0,0,0,0,0,0,0,100.0000000000,15288,31.2000000000,31.6925883046,37.4200000000,40.2900000000,51.3600000000,7,0.0457875458,348.0000000000,50.9600000000
P7,street,EyeTracking→PC,GC_filtered,direct_log,28874,0,0,0,0,576,0,576,0,98.0051257186,28298,2.4000000000,2.6224167786,3.9100000000,6.3200000000,71.0600000000,39,0.1378189271,582.0000000000,94.3266666667
P7,street,EyeTracking→PC,GC_retained,direct_log,28874,0,0,0,0,576,0,0,0,100.0000000000,28874,2.4100000000,4.1138515620,4.0800000000,50.6142000000,309.0100000000,290,1.0043637875,315.0000000000,96.2466666667
P7,street,MoCap→PC,GC_filtered,direct_log,27001,0,0,0,0,543,0,543,0,97.9889633717,26458,7.3850000000,7.3736892433,9.3100000000,10.0700000000,22.8300000000,0,0.0000000000,590.0000000000,88.1933333333
P7,street,MoCap→PC,GC_retained,direct_log,27001,0,0,0,0,543,0,0,0,100.0000000000,27001,7.4000000000,8.9508155254,9.4300000000,29.7300000000,318.1900000000,250,0.9258916336,321.0000000000,90.0033333333
P7,street,MoCap→VR,GC_filtered,direct_log,26993,0,0,0,0,0,0,0,0,100.0000000000,26993,10.1100000000,10.6173218983,15.9340000000,18.9532000000,117.3700000000,13,0.0481606342,104.0000000000,89.9766666667
P7,street,MoCap→VR,GC_retained,direct_log,26993,0,0,0,0,0,0,0,0,100.0000000000,26993,10.1100000000,10.6173218983,15.9340000000,18.9532000000,117.3700000000,13,0.0481606342,104.0000000000,89.9766666667
P7,street,PC<->VR 状态同步,GC_filtered,direct_log,16607,0,0,0,0,0,0,0,0,100.0000000000,16607,32.4300000000,33.6390112603,42.2100000000,44.7500000000,48.1400000000,0,0.0000000000,320.0000000000,55.3566666667
P7,street,PC<->VR 状态同步,GC_retained,direct_log,16607,0,0,0,0,0,0,0,0,100.0000000000,16607,32.4300000000,33.6390112603,42.2100000000,44.7500000000,48.1400000000,0,0.0000000000,320.0000000000,55.3566666667
P8,supermarket,EyeTracking→PC,GC_filtered,direct_log,28394,0,0,0,0,872,0,872,0,96.9289286469,27522,2.2900000000,2.3911808735,3.6200000000,5.3979000000,15.0000000000,0,0.0000000000,547.0000000000,91.7400000000
P8,supermarket,EyeTracking→PC,GC_retained,direct_log,28394,0,0,0,0,872,0,0,0,100.0000000000,28394,2.3000000000,4.3291075579,3.8300000000,89.1370000000,269.8400000000,352,1.2396985279,279.0000000000,94.6466666667
P8,supermarket,MoCap→PC,GC_filtered,direct_log,26756,0,0,0,0,825,0,825,0,96.9165794588,25931,8.5900000000,8.7833261347,10.3000000000,20.8070000000,26.3800000000,0,0.0000000000,545.0000000000,86.4366666667
P8,supermarket,MoCap→PC,GC_retained,direct_log,26756,0,0,0,0,825,0,0,0,100.0000000000,26756,8.6100000000,10.8081009867,10.5600000000,103.5710000000,279.5100000000,354,1.3230677231,282.0000000000,89.1866666667
P8,supermarket,MoCap→VR,GC_filtered,direct_log,26745,0,0,0,0,0,0,0,0,100.0000000000,26745,11.5000000000,12.1144120396,19.5600000000,24.2000000000,40.9300000000,0,0.0000000000,41.0000000000,89.1500000000
P8,supermarket,MoCap→VR,GC_retained,direct_log,26745,0,0,0,0,0,0,0,0,100.0000000000,26745,11.5000000000,12.1144120396,19.5600000000,24.2000000000,40.9300000000,0,0.0000000000,41.0000000000,89.1500000000
P8,supermarket,PC<->VR 状态同步,GC_filtered,direct_log,16882,0,0,0,0,0,0,0,0,100.0000000000,16882,31.7300000000,32.0288224144,36.6900000000,39.0300000000,44.0200000000,0,0.0000000000,297.0000000000,56.2733333333
P8,supermarket,PC<->VR 状态同步,GC_retained,direct_log,16882,0,0,0,0,0,0,0,0,100.0000000000,16882,31.7300000000,32.0288224144,36.6900000000,39.0300000000,44.0200000000,0,0.0000000000,297.0000000000,56.2733333333
P8,street,EyeTracking→PC,GC_filtered,direct_log,28853,1,1,0,0,1014,0,1014,1,96.4821682321,27838,2.3700000000,2.7813154681,5.3300000000,12.5563000000,38.8500000000,0,0.0000000000,524.0000000000,92.7933333333
P8,street,EyeTracking→PC,GC_retained,direct_log,28853,1,1,0,0,1014,0,0,1,99.9965341559,28852,2.3800000000,4.8618643422,6.9045000000,104.2620000000,258.6700000000,397,1.3759877998,262.0000000000,96.1733333333
P8,street,MoCap→PC,GC_filtered,direct_log,26951,0,0,0,0,952,0,952,0,96.4676635375,25999,7.6800000000,7.7265856379,9.2000000000,9.9500000000,26.0600000000,0,0.0000000000,523.0000000000,86.6633333333
P8,street,MoCap→PC,GC_retained,direct_log,26951,0,0,0,0,952,0,0,0,100.0000000000,26951,7.7000000000,9.9133431042,9.3800000000,114.6250000000,260.8900000000,398,1.4767541093,264.0000000000,89.8366666667
P8,street,MoCap→VR,GC_filtered,direct_log,26940,0,0,0,0,0,0,0,0,100.0000000000,26940,10.6000000000,11.1564717892,16.8300000000,19.9422000000,39.0500000000,0,0.0000000000,33.0000000000,89.8000000000
P8,street,MoCap→VR,GC_retained,direct_log,26940,0,0,0,0,0,0,0,0,100.0000000000,26940,10.6000000000,11.1564717892,16.8300000000,19.9422000000,39.0500000000,0,0.0000000000,33.0000000000,89.8000000000
P8,street,PC<->VR 状态同步,GC_filtered,direct_log,16805,0,0,0,0,0,0,0,0,100.0000000000,16805,29.4800000000,29.9401326986,36.0700000000,38.8100000000,41.5100000000,0,0.0000000000,273.0000000000,56.0166666667
P8,street,PC<->VR 状态同步,GC_retained,direct_log,16805,0,0,0,0,0,0,0,0,100.0000000000,16805,29.4800000000,29.9401326986,36.0700000000,38.8100000000,41.5100000000,0,0.0000000000,273.0000000000,56.0166666667
P9,supermarket,EyeTracking→PC,GC_filtered,direct_log,28454,1,1,0,0,489,0,489,1,98.2779222605,27964,2.3800000000,2.4856969675,3.6900000000,5.3637000000,18.0900000000,0,0.0000000000,537.0000000000,93.2133333333
P9,supermarket,EyeTracking→PC,GC_retained,direct_log,28454,1,1,0,0,489,0,0,1,99.9964855556,28453,2.3800000000,3.5823196148,3.7900000000,8.6596000000,265.1100000000,199,0.6993990089,274.0000000000,94.8433333333
P9,supermarket,MoCap→PC,GC_filtered,direct_log,26594,0,0,0,0,455,0,455,0,98.2890877642,26139,8.1700000000,8.6194888863,10.3500000000,21.7200000000,27.5300000000,0,0.0000000000,543.0000000000,87.1300000000
P9,supermarket,MoCap→PC,GC_retained,direct_log,26594,0,0,0,0,455,0,0,0,100.0000000000,26594,8.1700000000,9.7504745431,11.0635000000,23.3521000000,273.7700000000,196,0.7370083477,275.0000000000,88.6466666667
P9,supermarket,MoCap→VR,GC_filtered,direct_log,26585,0,0,0,0,0,0,0,0,100.0000000000,26585,11.0200000000,11.8775606545,21.0380000000,24.9900000000,40.2300000000,0,0.0000000000,38.0000000000,88.6166666667
P9,supermarket,MoCap→VR,GC_retained,direct_log,26585,0,0,0,0,0,0,0,0,100.0000000000,26585,11.0200000000,11.8775606545,21.0380000000,24.9900000000,40.2300000000,0,0.0000000000,38.0000000000,88.6166666667
P9,supermarket,PC<->VR 状态同步,GC_filtered,direct_log,15719,0,0,0,0,0,0,0,0,100.0000000000,15719,31.1500000000,31.6417621986,36.2000000000,40.2900000000,42.9600000000,0,0.0000000000,289.0000000000,52.3966666667
P9,supermarket,PC<->VR 状态同步,GC_retained,direct_log,15719,0,0,0,0,0,0,0,0,100.0000000000,15719,31.1500000000,31.6417621986,36.2000000000,40.2900000000,42.9600000000,0,0.0000000000,289.0000000000,52.3966666667
P9,street,EyeTracking→PC,GC_filtered,direct_log,28853,0,0,0,0,540,0,540,0,98.1284441826,28313,2.3000000000,2.4057567195,3.5800000000,5.4500000000,20.3800000000,0,0.0000000000,539.0000000000,94.3766666667
P9,street,EyeTracking→PC,GC_retained,direct_log,28853,0,0,0,0,540,0,0,0,100.0000000000,28853,2.3100000000,3.5738592174,3.7000000000,8.9980000000,265.3300000000,215,0.7451564829,274.0000000000,96.1766666667
P9,street,MoCap→PC,GC_filtered,direct_log,26683,0,0,0,0,501,0,501,0,98.1224000300,26182,8.2700000000,8.5502268734,10.1100000000,19.6419000000,26.1500000000,0,0.0000000000,545.0000000000,87.2733333333
P9,street,MoCap→PC,GC_retained,direct_log,26683,0,0,0,0,501,0,0,0,100.0000000000,26683,8.2800000000,9.7485863659,10.3300000000,22.6500000000,273.1300000000,211,0.7907656560,275.0000000000,88.9433333333
P9,street,MoCap→VR,GC_filtered,direct_log,26672,0,0,0,0,0,0,0,0,100.0000000000,26672,11.1200000000,11.8463793491,18.1600000000,23.0916000000,37.2300000000,0,0.0000000000,38.0000000000,88.9066666667
P9,street,MoCap→VR,GC_retained,direct_log,26672,0,0,0,0,0,0,0,0,100.0000000000,26672,11.1200000000,11.8463793491,18.1600000000,23.0916000000,37.2300000000,0,0.0000000000,38.0000000000,88.9066666667
P9,street,PC<->VR 状态同步,GC_filtered,direct_log,16570,0,0,0,0,0,0,0,0,100.0000000000,16570,29.2200000000,29.3632166566,34.9700000000,37.5600000000,40.1400000000,0,0.0000000000,1145.0000000000,55.2333333333
P9,street,PC<->VR 状态同步,GC_retained,direct_log,16570,0,0,0,0,0,0,0,0,100.0000000000,16570,29.2200000000,29.3632166566,34.9700000000,37.5600000000,40.1400000000,0,0.0000000000,1145.0000000000,55.2333333333
P10,supermarket,EyeTracking→PC,GC_filtered,direct_log,28473,0,0,0,0,450,0,450,0,98.4195553682,28023,2.3200000000,2.7346875781,4.6800000000,13.8500000000,55.8300000000,2,0.0071369946,553.0000000000,93.4100000000
P10,supermarket,EyeTracking→PC,GC_retained,direct_log,28473,0,0,0,0,450,0,0,0,100.0000000000,28473,2.3300000000,3.7970614266,5.3440000000,23.7048000000,273.8800000000,190,0.6672988445,282.0000000000,94.9100000000
P10,supermarket,MoCap→PC,GC_filtered,direct_log,26474,0,0,0,0,411,0,411,0,98.4475334290,26063,7.0700000000,7.0752204274,8.6600000000,9.3600000000,26.7400000000,0,0.0000000000,545.0000000000,86.8766666667
P10,supermarket,MoCap→PC,GC_retained,direct_log,26474,0,0,0,0,411,0,0,0,100.0000000000,26474,7.0700000000,8.1271764750,8.7300000000,9.9054000000,277.5500000000,176,0.6648032031,282.0000000000,88.2466666667
P10,supermarket,MoCap→VR,GC_filtered,direct_log,26460,0,0,0,0,0,0,0,0,100.0000000000,26460,10.1200000000,10.5392456538,14.5200000000,20.1600000000,28.8100000000,0,0.0000000000,44.0000000000,88.2000000000
P10,supermarket,MoCap→VR,GC_retained,direct_log,26460,0,0,0,0,0,0,0,0,100.0000000000,26460,10.1200000000,10.5392456538,14.5200000000,20.1600000000,28.8100000000,0,0.0000000000,44.0000000000,88.2000000000
P10,supermarket,PC<->VR 状态同步,GC_filtered,direct_log,16302,0,0,0,0,0,0,0,0,100.0000000000,16302,30.7600000000,31.1045871672,35.4395000000,39.7299000000,46.1000000000,0,0.0000000000,308.0000000000,54.3400000000
P10,supermarket,PC<->VR 状态同步,GC_retained,direct_log,16302,0,0,0,0,0,0,0,0,100.0000000000,16302,30.7600000000,31.1045871672,35.4395000000,39.7299000000,46.1000000000,0,0.0000000000,308.0000000000,54.3400000000
P10,street,EyeTracking→PC,GC_filtered,direct_log,28865,0,0,0,0,404,0,404,0,98.6003810844,28461,2.3000000000,2.4617251678,3.5300000000,5.2600000000,71.6600000000,33,0.1159481396,552.0000000000,94.8700000000
P10,street,EyeTracking→PC,GC_retained,direct_log,28865,0,0,0,0,404,0,0,0,100.0000000000,28865,2.3000000000,3.3881351117,3.6100000000,7.2208000000,275.8600000000,199,0.6894162481,284.0000000000,96.2166666667
P10,street,MoCap→PC,GC_filtered,direct_log,26431,0,0,0,0,372,0,372,0,98.5925617646,26059,7.2100000000,7.2064112207,8.7400000000,9.3300000000,24.4200000000,0,0.0000000000,555.0000000000,86.8633333333
P10,street,MoCap→PC,GC_retained,direct_log,26431,0,0,0,0,372,0,0,0,100.0000000000,26431,7.2200000000,8.1817751882,8.8000000000,9.7370000000,291.6800000000,163,0.6167000870,295.0000000000,88.1033333333
P10,street,MoCap→VR,GC_filtered,direct_log,26424,0,0,0,0,0,0,0,0,100.0000000000,26424,10.1200000000,10.5536391160,15.8785000000,18.0477000000,33.4300000000,0,0.0000000000,36.0000000000,88.0800000000
P10,street,MoCap→VR,GC_retained,direct_log,26424,0,0,0,0,0,0,0,0,100.0000000000,26424,10.1200000000,10.5536391160,15.8785000000,18.0477000000,33.4300000000,0,0.0000000000,36.0000000000,88.0800000000
P10,street,PC<->VR 状态同步,GC_filtered,direct_log,17285,0,0,0,0,0,0,0,0,100.0000000000,17285,28.0300000000,28.5480890946,33.6800000000,35.5100000000,41.5500000000,0,0.0000000000,310.0000000000,57.6166666667
P10,street,PC<->VR 状态同步,GC_retained,direct_log,17285,0,0,0,0,0,0,0,0,100.0000000000,17285,28.0300000000,28.5480890946,33.6800000000,35.5100000000,41.5500000000,0,0.0000000000,310.0000000000,57.6166666667
